"id","name","email","password","role","locked","profile_image_url","provider","provider_id","updated_at","created_at"
1,사용자1-0,mopl-user-1-0@test.com,$2a$10$37pCh2p1yGLlhHKz50eImuiNOGGn.N3xNrlL/FOlUXQduKpa70p4O,USER,0,,,,"2026-03-21 20:00:32","2026-03-21 20:00:32"
2,사용자2-0,mopl-user-2-0@test.com,$2a$10$IBO5ZR2qRT0Aa8yZ89v0SuIazesrWaTiTUwf2BWIUqdFTyFo8IZhq,USER,0,,,,"2026-03-21 20:00:32","2026-03-21 20:00:32"
3,사용자3-0,mopl-user-3-0@test.com,$2a$10$/NH.qeegZCuhP4mft.NXEuxuIf.fN9YnmGtbXLVZ2nknhULjug4Ve,USER,0,,,,"2026-03-21 20:00:32","2026-03-21 20:00:32"
4,사용자5-0,mopl-user-5-0@test.com,$2a$10$SlIA9puN088KPyyxuB2bhuqJsEcyIWJCVThqfHXTGSt4TYCBNa56S,USER,0,,,,"2026-03-21 20:00:33","2026-03-21 20:00:33"
5,사용자1-1,mopl-user-1-1@test.com,$2a$10$ATLe9ihtBAf3NB6I5LfNNO3EG/XVC.JFJL17wEEKtzpBKH7F3w1Pu,USER,0,,,,"2026-03-21 20:00:33","2026-03-21 20:00:33"
6,사용자4-0,mopl-user-4-0@test.com,$2a$10$9KyZFQNZZBCwX6H9tPalluOX45I1DJKGEUhd8Ur5L905zc.0NkYH2,USER,0,,,,"2026-03-21 20:00:33","2026-03-21 20:00:33"
7,사용자2-1,mopl-user-2-1@test.com,$2a$10$BD9JEcEn8QS6Lui2wFT0aeYd.tC2diPBqZsqsOnoBpq4p2o51MW4y,USER,0,,,,"2026-03-21 20:00:33","2026-03-21 20:00:33"
8,사용자8-0,mopl-user-8-0@test.com,$2a$10$9SMItLVr.qaPYfm5Or9OWeoFLbvLPihypHSj4OEdv0DcdmmbXCQ/W,USER,0,,,,"2026-03-21 20:00:33","2026-03-21 20:00:33"
9,사용자3-1,mopl-user-3-1@test.com,$2a$10$.l7ltce3C7RivyTBHX65Ruxw5yqQZ3kkIq8OkgbOy/XE2NFxhigkm,USER,0,,,,"2026-03-21 20:00:33","2026-03-21 20:00:33"
10,사용자6-0,mopl-user-6-0@test.com,$2a$10$lRJiQpgO8MfEg3cq2mCE8.fo4MWNcw.CFIcfzcDAjDn/TE4Kegeoe,USER,0,,,,"2026-03-21 20:00:33","2026-03-21 20:00:33"
11,사용자5-1,mopl-user-5-1@test.com,$2a$10$a0/AkMczC9I0pI9jNMqQhueR1gpzhK7uTXvMauKnDJpTwPW7sal8S,USER,0,,,,"2026-03-21 20:00:34","2026-03-21 20:00:34"
12,사용자11-0,mopl-user-11-0@test.com,$2a$10$tTeR3ffCMK5VJd0lCmLdK.d4XVKjFcw5B4RAjlyBxOuRa4sZ4BDUy,USER,0,,,,"2026-03-21 20:00:34","2026-03-21 20:00:34"
13,사용자1-2,mopl-user-1-2@test.com,$2a$10$L3mX6zt4VcIR1yt1Uis8wO9NkxLHC1xehyluZCUhYh9Z4JMRXaP0a,USER,0,,,,"2026-03-21 20:00:34","2026-03-21 20:00:34"
14,사용자4-1,mopl-user-4-1@test.com,$2a$10$.B8b3lA5pDWc9E64Vdftr.isdnJgY9vgpqoXOG/aXpPpvw/TfEuna,USER,0,,,,"2026-03-21 20:00:34","2026-03-21 20:00:34"
15,사용자15-0,mopl-user-15-0@test.com,$2a$10$JvnVG5UmMFuA7pQcAijZn.SLKyGOQQeh.i8oFIMjT0qXb.YEpaZ8G,USER,0,,,,"2026-03-21 20:00:34","2026-03-21 20:00:34"
16,사용자2-2,mopl-user-2-2@test.com,$2a$10$U63QL8b2RJ.mpaRPSKC3AuOdbzkwqUoK0boX1lKWk1QNJSmwx3z0C,USER,0,,,,"2026-03-21 20:00:34","2026-03-21 20:00:34"
17,사용자8-1,mopl-user-8-1@test.com,$2a$10$.8FUBSkWAM13sBFMnx3GKujXTCv7LRC/hpjNCeg9cIFIBg6e1DQN2,USER,0,,,,"2026-03-21 20:00:34","2026-03-21 20:00:34"
18,사용자9-0,mopl-user-9-0@test.com,$2a$10$SLDGqsyFw5m1p3w8WHHzCewdZcjXKBe473tuhXFnSyBOy2LPDIUXO,USER,0,,,,"2026-03-21 20:00:34","2026-03-21 20:00:34"
19,사용자3-2,mopl-user-3-2@test.com,$2a$10$VC5CsF8JV6XMML0WrBiU7uCAxhjF8CXZ3GZI5pUBr0z7XzpbyZOjG,USER,0,,,,"2026-03-21 20:00:34","2026-03-21 20:00:34"
20,사용자10-0,mopl-user-10-0@test.com,$2a$10$ajLzT.QStQgnsexBkxlBMO7C0dEY0IIpgSQuMvHFZPLAiqzU5FLXa,USER,0,,,,"2026-03-21 20:00:35","2026-03-21 20:00:35"
21,사용자6-1,mopl-user-6-1@test.com,$2a$10$GqOxxleV6CMhZB4Rn8rciewTFuV39NCTiyNcRnKY0wwxFsW6v7Xcm,USER,0,,,,"2026-03-21 20:00:35","2026-03-21 20:00:35"
22,사용자5-2,mopl-user-5-2@test.com,$2a$10$bzCK/JkJNWrqecqIIwMB2.44agNzSdcuqPD2NQ1xXMra3L6oY3ehC,USER,0,,,,"2026-03-21 20:00:35","2026-03-21 20:00:35"
23,사용자11-1,mopl-user-11-1@test.com,$2a$10$4Z6hnPctux.Dws7UvcbVjOX21RVwvRMNruaffRsN2ub7N4EJThn42,USER,0,,,,"2026-03-21 20:00:35","2026-03-21 20:00:35"
24,사용자1-3,mopl-user-1-3@test.com,$2a$10$D7aQjORU.KTgptf0tyyMBe3DGWEG5SEv8YVAwa9P7Tju8A0Ddu1IO,USER,0,,,,"2026-03-21 20:00:35","2026-03-21 20:00:35"
25,사용자16-0,mopl-user-16-0@test.com,$2a$10$o6cO1JRcuupEmcxB7W5HsOQhL95eRljmg7xu8Tl4nz9Kb.rAraPDK,USER,0,,,,"2026-03-21 20:00:35","2026-03-21 20:00:35"
26,사용자4-2,mopl-user-4-2@test.com,$2a$10$Bq9xoJXCJe3E4rmXffxk8eHrtenftCHWF4Yh904yNy6h3pkl3m7N.,USER,0,,,,"2026-03-21 20:00:35","2026-03-21 20:00:35"
27,사용자15-1,mopl-user-15-1@test.com,$2a$10$sGu2ATqhiQbE8VPRItjvl.A9D3r/Tl1ufAnjn5JmAiTyzg8jdMPiy,USER,0,,,,"2026-03-21 20:00:35","2026-03-21 20:00:35"
28,사용자18-0,mopl-user-18-0@test.com,$2a$10$.mlFFoaTVl9ivcSf.C.R1elr8vf5t8y8DnRUJXvDc7M85UYXW5zGi,USER,0,,,,"2026-03-21 20:00:35","2026-03-21 20:00:35"
29,사용자8-2,mopl-user-8-2@test.com,$2a$10$h0DQ.NNA.CqbUhlc5zp1Eumqt8mPc24rZZHZJUMVBY8Jh1wgK/ESG,USER,0,,,,"2026-03-21 20:00:36","2026-03-21 20:00:36"
30,사용자2-3,mopl-user-2-3@test.com,$2a$10$8Zcuk9xy6k24pW.v0mk1fugr0rnr6BcCzJoVI78zwiZrItIfM1duS,USER,0,,,,"2026-03-21 20:00:36","2026-03-21 20:00:36"
31,사용자17-0,mopl-user-17-0@test.com,$2a$10$0ZBB.kJl./gI6d/ZzPknoeRMIMc33NaLDcD0lNXkqoVNkGg.I1JZG,USER,0,,,,"2026-03-21 20:00:36","2026-03-21 20:00:36"
32,사용자9-1,mopl-user-9-1@test.com,$2a$10$7IaO09MKYb/VL.YhsTPPQOlXmo66mxG9i9zu/rmCF50EeGxYmL.NW,USER,0,,,,"2026-03-21 20:00:36","2026-03-21 20:00:36"
33,사용자3-3,mopl-user-3-3@test.com,$2a$10$Qc8srG73Mcj6pSckbjXVaOmNiwPI90sxXHjTEWhtUTgWrjzZxfyqC,USER,0,,,,"2026-03-21 20:00:36","2026-03-21 20:00:36"
34,사용자19-0,mopl-user-19-0@test.com,$2a$10$aOMPCaMS.xlK/N2ZHfIx1.MH.aqvglKX0z.e1F68BThJjyD3nzTba,USER,0,,,,"2026-03-21 20:00:36","2026-03-21 20:00:36"
35,사용자6-2,mopl-user-6-2@test.com,$2a$10$TaRZdrjHOB52i.Wc7ODXg.OZz5jPkjhmdzhnACFvC6xUirnhIzU5y,USER,0,,,,"2026-03-21 20:00:36","2026-03-21 20:00:36"
36,사용자10-1,mopl-user-10-1@test.com,$2a$10$f8xwluo/4Zejq0Gje.II5eIR5K418MQtJTI2I/EeHIJWwRJQplXp.,USER,0,,,,"2026-03-21 20:00:36","2026-03-21 20:00:36"
37,사용자5-3,mopl-user-5-3@test.com,$2a$10$FT3naDkyW4quXutl9G9AoeVtjmeHAsIp98hCEHJxA.5QTGjAlDbJa,USER,0,,,,"2026-03-21 20:00:37","2026-03-21 20:00:37"
38,사용자1-4,mopl-user-1-4@test.com,$2a$10$RyoKyJ2hgy0ecDLsVptoE.O9CamxdnlAO1ZNMvYkP1MnBoolYBhhG,USER,0,,,,"2026-03-21 20:00:37","2026-03-21 20:00:37"
39,사용자16-1,mopl-user-16-1@test.com,$2a$10$M5EvXVYFshpg5kJtEcJ.qOkp6m2AaZpRo3Frr/w.QQWv0fha9ToCa,USER,0,,,,"2026-03-21 20:00:37","2026-03-21 20:00:37"
40,사용자14-0,mopl-user-14-0@test.com,$2a$10$WVplDA1wvuoGld4MSY2/SOt7tA2yDAV1R4REphE8r9ROuwwvOtb5u,USER,0,,,,"2026-03-21 20:00:37","2026-03-21 20:00:37"
41,사용자4-3,mopl-user-4-3@test.com,$2a$10$ARvoa9lZzqErvx0bYwqDC.pCDEDqpQ0bRq5lK3fdb61SHcZrOb0IC,USER,0,,,,"2026-03-21 20:00:37","2026-03-21 20:00:37"
42,사용자11-2,mopl-user-11-2@test.com,$2a$10$rB9CtzB0EBGiQcoINTDKW.OBnZwJIEbXkrq0BQBJdeE5Jz9SBp6Be,USER,0,,,,"2026-03-21 20:00:37","2026-03-21 20:00:37"
43,사용자20-0,mopl-user-20-0@test.com,$2a$10$so1SMdxqLylG9n8d6KjqQuM68.1qkviB11eOmJT9PhnMmqS3ndmju,USER,0,,,,"2026-03-21 20:00:37","2026-03-21 20:00:37"
44,사용자13-0,mopl-user-13-0@test.com,$2a$10$VrvWG.seFVRu5cEfnClg4eDWFKidItmtGaKU/Wl7RGePBSXo3N/o6,USER,0,,,,"2026-03-21 20:00:37","2026-03-21 20:00:37"
45,사용자15-2,mopl-user-15-2@test.com,$2a$10$hrIHa0FU6LPd339R2TRxSOcwHQOPcVtsF37.5BGt5LTsZUEDGvQjC,USER,0,,,,"2026-03-21 20:00:37","2026-03-21 20:00:37"
46,사용자18-1,mopl-user-18-1@test.com,$2a$10$xGIN3OXUgViazYF3EQZuC.CG3V6ewZEx0Wxa2o7kcHXZPGMpA2Lly,USER,0,,,,"2026-03-21 20:00:37","2026-03-21 20:00:37"
47,사용자8-3,mopl-user-8-3@test.com,$2a$10$rlh4o8DI4sBrvS1Mr1F27eueXii8Lnt4kgMsghoKiIHkE.vCuJWpC,USER,0,,,,"2026-03-21 20:00:38","2026-03-21 20:00:38"
48,사용자17-1,mopl-user-17-1@test.com,$2a$10$bw3PSzNHauE8/wUmZ2gzbOuTPwxtB33o8kHY/tFDaSl71OYLz384W,USER,0,,,,"2026-03-21 20:00:38","2026-03-21 20:00:38"
49,사용자2-4,mopl-user-2-4@test.com,$2a$10$F5V0kdIPSzxHeGe.FuwDn.SbrM4WCSrXeoqskn1WYZSXthOxlLL9m,USER,0,,,,"2026-03-21 20:00:38","2026-03-21 20:00:38"
50,사용자9-2,mopl-user-9-2@test.com,$2a$10$vrbo/I1IFWhSV9CeTnwW0effFylHqvRbfaJDc8nHeTckvZMPl6Jo2,USER,0,,,,"2026-03-21 20:00:38","2026-03-21 20:00:38"
51,사용자3-4,mopl-user-3-4@test.com,$2a$10$Qh.RGYqiz/qLO/KWqYt0neg4rg7ufTISKk0Yb.fAVNGoxtRPco362,USER,0,,,,"2026-03-21 20:00:38","2026-03-21 20:00:38"
52,사용자22-0,mopl-user-22-0@test.com,$2a$10$2REBIkYx9NWvA3oQu.vMa.Dgz58idmIyntNZXxu/EyboZjn3LP.D2,USER,0,,,,"2026-03-21 20:00:38","2026-03-21 20:00:38"
53,사용자23-0,mopl-user-23-0@test.com,$2a$10$9bBvfCK8YkQ6kCr3KxM74eTnTzElC0Q3sOgbY3y.iRx.dF6R4V7ry,USER,0,,,,"2026-03-21 20:00:39","2026-03-21 20:00:39"
54,사용자6-3,mopl-user-6-3@test.com,$2a$10$3K/3znte.WHAxniKlkot8.pTLXWPRrbN9fFkpeF/tEcLB9L2eyvZu,USER,0,,,,"2026-03-21 20:00:39","2026-03-21 20:00:39"
55,사용자10-2,mopl-user-10-2@test.com,$2a$10$W8Zk0kV.XziEWmsZ.tFxVeg0oPY/1XqovKQpR2e.rrK3eHXLwyJRm,USER,0,,,,"2026-03-21 20:00:39","2026-03-21 20:00:39"
56,사용자19-1,mopl-user-19-1@test.com,$2a$10$BEXMe4d2L72uJwhpvPcL0.GzmB58ZB5aGciswAvXig4BlsuOURZdW,USER,0,,,,"2026-03-21 20:00:39","2026-03-21 20:00:39"
57,사용자7-0,mopl-user-7-0@test.com,$2a$10$i.yO/OWDI93c4Bsg78L8puFpKJj/Sj98PGNz2Bm9rMA7lARIZFN3e,USER,0,,,,"2026-03-21 20:00:39","2026-03-21 20:00:39"
58,사용자1-5,mopl-user-1-5@test.com,$2a$10$Jdk/Z43iYO/NYa8KGB8cJesmdYrVOI9rE.4cDzE9GAykZSYxAAkwe,USER,0,,,,"2026-03-21 20:00:39","2026-03-21 20:00:39"
59,사용자16-2,mopl-user-16-2@test.com,$2a$10$UKMYrrj2XeT.xll1m/qY4eZVX4Uwq.7B5dQADG2/gMoqee7dyZt8e,USER,0,,,,"2026-03-21 20:00:39","2026-03-21 20:00:39"
60,사용자21-0,mopl-user-21-0@test.com,$2a$10$UiIaP1BV7W.bkSR1jTjv1.14P3de9BvCYSXtV0RSc6P4Hd0I4TCxK,USER,0,,,,"2026-03-21 20:00:39","2026-03-21 20:00:39"
61,사용자5-4,mopl-user-5-4@test.com,$2a$10$7u1OVpB./0S5IJ5ENFBZge5YA8CAGWmS5ARgKWxekIMk12yLfkbGW,USER,0,,,,"2026-03-21 20:00:39","2026-03-21 20:00:39"
62,사용자14-1,mopl-user-14-1@test.com,$2a$10$nAMa0SANr6BDM.wC.P0bGuLyLjt.PSZYSrLQBebL5yBLWpaHK65oe,USER,0,,,,"2026-03-21 20:00:39","2026-03-21 20:00:39"
63,사용자4-4,mopl-user-4-4@test.com,$2a$10$sh5dyEJyMSyetPhLotUKle0rAgZ848EV4dPSTPxBEYdspNk7OFylS,USER,0,,,,"2026-03-21 20:00:40","2026-03-21 20:00:40"
64,사용자11-3,mopl-user-11-3@test.com,$2a$10$Jz8q2gC.MC2zLKXwqx5LuO.x6Vdsv4Sni4nk0rdjqTejaQ4TLuxaG,USER,0,,,,"2026-03-21 20:00:40","2026-03-21 20:00:40"
65,사용자24-0,mopl-user-24-0@test.com,$2a$10$2cbeihqBLpGGCqSW523/zebhooujNCicu31Jfg7yLEiD3ExTePCoS,USER,0,,,,"2026-03-21 20:00:40","2026-03-21 20:00:40"
66,사용자25-0,mopl-user-25-0@test.com,$2a$10$hT.bGvlWsnbzdvZ4L7SF..yIo5aeluuCId.kI8C0Txl639r8w7zbe,USER,0,,,,"2026-03-21 20:00:40","2026-03-21 20:00:40"
67,사용자13-1,mopl-user-13-1@test.com,$2a$10$282GBzl0Ho50FtiqHF3RK.MF6QD5IPbWnh15/5eMEsVC9Fy.cfZLe,USER,0,,,,"2026-03-21 20:00:40","2026-03-21 20:00:40"
68,사용자20-1,mopl-user-20-1@test.com,$2a$10$hrcK/a7qxYpPjt1gBrf.jutOE73TbCXX4t/N1wt06vmketD9dvtUW,USER,0,,,,"2026-03-21 20:00:40","2026-03-21 20:00:40"
69,사용자18-2,mopl-user-18-2@test.com,$2a$10$FEdcaYBWkcJTE1GxoVbBzO4.EVKfF2.2swEh2vwwkIdrwk98TAdaS,USER,0,,,,"2026-03-21 20:00:40","2026-03-21 20:00:40"
70,사용자15-3,mopl-user-15-3@test.com,$2a$10$54JuN55jwQz9yTNfv6OhWuhZS1jVSgjr0gF6qki8gF08/fOB6Pxgq,USER,0,,,,"2026-03-21 20:00:40","2026-03-21 20:00:40"
71,사용자27-0,mopl-user-27-0@test.com,$2a$10$fZLatNPbGogJ2nceCJaJeOBt7UiTFofRH2EvVIy1KdKlYBCrfGd3K,USER,0,,,,"2026-03-21 20:00:40","2026-03-21 20:00:40"
72,사용자8-4,mopl-user-8-4@test.com,$2a$10$TtHBJRyqB.BWVMNSUBreW.natW5kG0hjeR/Ux9VO0LrxxkSX6IAu2,USER,0,,,,"2026-03-21 20:00:40","2026-03-21 20:00:40"
73,사용자17-2,mopl-user-17-2@test.com,$2a$10$jzBMSlU5TgQc/FR08GPTweFHv5c5xnAxR2flyRSrGq4L5/41.atD6,USER,0,,,,"2026-03-21 20:00:40","2026-03-21 20:00:40"
74,사용자2-5,mopl-user-2-5@test.com,$2a$10$kW6/HzsYNsshSV61o2s/aOI30oes325RCrpmZ6nZHgIbpk4g/wN.K,USER,0,,,,"2026-03-21 20:00:41","2026-03-21 20:00:41"
75,사용자9-3,mopl-user-9-3@test.com,$2a$10$fW6f5v3y5vkUazKfT0lgA.yidSVLhR3jAb/3tchXJJ/nTUJ0X9J7W,USER,0,,,,"2026-03-21 20:00:41","2026-03-21 20:00:41"
76,사용자3-5,mopl-user-3-5@test.com,$2a$10$Xtlz9CpSty2JAL0ng6T9L.oJUhnWZF9bYc6NKnS52UdFCyAnloybK,USER,0,,,,"2026-03-21 20:00:41","2026-03-21 20:00:41"
77,사용자28-0,mopl-user-28-0@test.com,$2a$10$KoIhra2BjYy3N7OSCZF7xOfvme9JmoCBpRwMjELhYsWEJ3zxu70xK,USER,0,,,,"2026-03-21 20:00:41","2026-03-21 20:00:41"
78,사용자22-1,mopl-user-22-1@test.com,$2a$10$LUXYf6v8GJxJV20xL2OZJejVWqor47NKiS3lYHj9/7RyI0Ls/xgZC,USER,0,,,,"2026-03-21 20:00:41","2026-03-21 20:00:41"
79,사용자31-0,mopl-user-31-0@test.com,$2a$10$jnc4VnczxTNA3rFPKfF1JuF.LEaPt6jq/Y.G1TJqGL2XpIZqzymPe,USER,0,,,,"2026-03-21 20:00:41","2026-03-21 20:00:41"
80,사용자10-3,mopl-user-10-3@test.com,$2a$10$9H5QOm39Qo7uVMK7usJyAeRgfjNil05xAf5dqemYT/PGfa3YOzWWK,USER,0,,,,"2026-03-21 20:00:41","2026-03-21 20:00:41"
81,사용자23-1,mopl-user-23-1@test.com,$2a$10$WcxmVDORcL.NJIHkDVNqWeiXd6BNC01Sv1QyDj8b4TpH1wS1hbSTm,USER,0,,,,"2026-03-21 20:00:41","2026-03-21 20:00:41"
82,사용자6-4,mopl-user-6-4@test.com,$2a$10$5qoBqUYW1FdCPEWXb.Gel.Pm3ynIrEQNqW/Z4kt4u0JBX8TzxA1qa,USER,0,,,,"2026-03-21 20:00:41","2026-03-21 20:00:41"
83,사용자12-0,mopl-user-12-0@test.com,$2a$10$35wL7G/e03Eaa7NpoBzOj.R0M7Pk9mXd5T6g1T78lygtDMRMDjCxi,USER,0,,,,"2026-03-21 20:00:41","2026-03-21 20:00:41"
84,사용자7-1,mopl-user-7-1@test.com,$2a$10$47pFNHdA9RGD49FPXvfqtOVtvEbSlsmaHCkUjWrfOvneS49StUFue,USER,0,,,,"2026-03-21 20:00:42","2026-03-21 20:00:42"
85,사용자19-2,mopl-user-19-2@test.com,$2a$10$lPS4VBz33xMfMv7u8iE9be4Wn7aiWxNfEf37NURnKW40QMbkF31Ki,USER,0,,,,"2026-03-21 20:00:42","2026-03-21 20:00:42"
86,사용자21-1,mopl-user-21-1@test.com,$2a$10$r/ChJQ4xtzRQ3mfSODUJgOTcvC3eCL0j/wJasVp7DWUWntSxhMecW,USER,0,,,,"2026-03-21 20:00:42","2026-03-21 20:00:42"
87,사용자32-0,mopl-user-32-0@test.com,$2a$10$0g04aM.jstq5FjTnDz.P7ONcdP.SY5hgstINVB6DIAOMgSNDgm/IO,USER,0,,,,"2026-03-21 20:00:42","2026-03-21 20:00:42"
88,사용자16-3,mopl-user-16-3@test.com,$2a$10$z1zeZGKQ50Imi5epbwTgVOpi/vpQCAbQot7u3N0s4XuwQ36NkQ1qW,USER,0,,,,"2026-03-21 20:00:42","2026-03-21 20:00:42"
89,사용자14-2,mopl-user-14-2@test.com,$2a$10$XgLBB51zfFcKXzeoxPL.oeFEOuRj5RNYM.3.nGrEUh8mckhZsQEUK,USER,0,,,,"2026-03-21 20:00:42","2026-03-21 20:00:42"
90,사용자1-6,mopl-user-1-6@test.com,$2a$10$CDTjCEIqCgp85F16gtj6t.lj7//1FqZteFZ0MTH4D7GmEMDiPE3Sq,USER,0,,,,"2026-03-21 20:00:42","2026-03-21 20:00:42"
91,사용자25-1,mopl-user-25-1@test.com,$2a$10$XpgjLVuezyiZcDxhkvjDP.j3cnpXu6sXljtfNe4.lBF28wRNXc.ZG,USER,0,,,,"2026-03-21 20:00:42","2026-03-21 20:00:42"
92,사용자5-5,mopl-user-5-5@test.com,$2a$10$XaqtDRjE/N7eguN4JK.JoeIWAQmiT3G2l81ckLZUFb8oeeQV8rZf6,USER,0,,,,"2026-03-21 20:00:42","2026-03-21 20:00:42"
93,사용자28-1,mopl-user-28-1@test.com,$2a$10$ZeKgAqrx.1PSl8Rzr34CPecSVHJ8031ITBGFOJZvPXsqV28bdvFha,USER,0,,,,"2026-03-21 20:00:43","2026-03-21 20:00:43"
94,사용자26-0,mopl-user-26-0@test.com,$2a$10$GrJRbl9OO5mfa/g6ZVIKe.WiIto8dKKpy98gfoTeRgbCRp4oUZSw6,USER,0,,,,"2026-03-21 20:00:43","2026-03-21 20:00:43"
95,사용자34-0,mopl-user-34-0@test.com,$2a$10$ufUeMnq1nBdrwh4lUkpwJeiSw6psJqh89xzdCFKEbucTuF/F9MHH6,USER,0,,,,"2026-03-21 20:00:43","2026-03-21 20:00:43"
96,사용자13-2,mopl-user-13-2@test.com,$2a$10$/trhxC0Ms8jqKpHwd4AtV.e9wmtlopRnd/X2yBw69Gkj5BzuBbM1W,USER,0,,,,"2026-03-21 20:00:43","2026-03-21 20:00:43"
97,사용자4-5,mopl-user-4-5@test.com,$2a$10$JZDCh//xDDnVRkiQs2Gj0uGh.8QXTvy9vn8TJV/75L.PZOsW8eo5e,USER,0,,,,"2026-03-21 20:00:43","2026-03-21 20:00:43"
98,사용자20-2,mopl-user-20-2@test.com,$2a$10$t7KwEYz6y9tirVXUVMFJkONBe4jaTyEmr6uHFvGs24DQ.FiLljmG6,USER,0,,,,"2026-03-21 20:00:43","2026-03-21 20:00:43"
99,사용자17-3,mopl-user-17-3@test.com,$2a$10$zf40utmcwvZ4YzgTloUy9O2Mk9W1ZefA6tWdwRt.oNbgvyuxzg3O2,USER,0,,,,"2026-03-21 20:00:43","2026-03-21 20:00:43"
100,사용자15-4,mopl-user-15-4@test.com,$2a$10$MFSrKqALTZNpWwfv61J53O5/jDajbzSW5QRahvgqRr4Zy1ejxMoiK,USER,0,,,,"2026-03-21 20:00:43","2026-03-21 20:00:43"
101,사용자24-1,mopl-user-24-1@test.com,$2a$10$RZ/aGsk7k3wIX9YGUYfNxuuw3zGgs7NYLHxIkScBlFSORBjDweEr6,USER,0,,,,"2026-03-21 20:00:44","2026-03-21 20:00:44"
102,사용자30-0,mopl-user-30-0@test.com,$2a$10$CrUXxzrSZph3sryadGMP4ew/SZ7hYm8ylN3.a7lleO871XFiPBsiO,USER,0,,,,"2026-03-21 20:00:44","2026-03-21 20:00:44"
103,사용자33-0,mopl-user-33-0@test.com,$2a$10$GPTTqV.BAiErjWuvQLz4nOF4F3dGUXJpYq8H8/YlcMVkL/7bY4DCm,USER,0,,,,"2026-03-21 20:00:44","2026-03-21 20:00:44"
104,사용자18-3,mopl-user-18-3@test.com,$2a$10$x8D3Pn.kB.DS9Xt2/2CJb.1DqtvlgByaErO/zEOk.OHujjHUfCJ8G,USER,0,,,,"2026-03-21 20:00:44","2026-03-21 20:00:44"
105,사용자29-0,mopl-user-29-0@test.com,$2a$10$guG6C2I2atEoHjpPMPM90.bQ8qiG1cTRYZAc.xO/55yYIYgBYqRta,USER,0,,,,"2026-03-21 20:00:44","2026-03-21 20:00:44"
106,사용자27-1,mopl-user-27-1@test.com,$2a$10$MivrclgS9Q3JxksgRcec1erGx4npZ0djglCYhNRhOFzvrp6mkN6H6,USER,0,,,,"2026-03-21 20:00:44","2026-03-21 20:00:44"
107,사용자2-6,mopl-user-2-6@test.com,$2a$10$qfq2Qjyf0MPKXa7G1q/uXOIGCkHJyQzHx5Ba6mEEmdWs5FNw0QI5K,USER,0,,,,"2026-03-21 20:00:44","2026-03-21 20:00:44"
108,사용자8-5,mopl-user-8-5@test.com,$2a$10$piJbHCJDSnN2e5HZN5UAkuqc3GaAX1z6r.3vuiWtQ8SLY29dwn7om,USER,0,,,,"2026-03-21 20:00:44","2026-03-21 20:00:44"
109,사용자9-4,mopl-user-9-4@test.com,$2a$10$XfuCWO8TRpk/R22rw4g8XO7CtvzYSPzT3O.uK.QbUPLMEfRKDjf92,USER,0,,,,"2026-03-21 20:00:44","2026-03-21 20:00:44"
110,사용자36-0,mopl-user-36-0@test.com,$2a$10$m5ai0uB4Q.jHoYxIzl5CgOI8PlgyMrLO1CjOsbiZKNw.MAWT8VdKi,USER,0,,,,"2026-03-21 20:00:44","2026-03-21 20:00:44"
111,사용자3-6,mopl-user-3-6@test.com,$2a$10$dDCeiBeDBoWV0YE.b8GDR.bmpZPCkFAE9HFwLifsXXVnTUJW9SNGa,USER,0,,,,"2026-03-21 20:00:44","2026-03-21 20:00:44"
112,사용자38-0,mopl-user-38-0@test.com,$2a$10$BwnLoYZY.Bh22O6PuhwsL..ih8lZ33cAOHCMd4OuUROKDKsPntyIG,USER,0,,,,"2026-03-21 20:00:45","2026-03-21 20:00:45"
113,사용자7-2,mopl-user-7-2@test.com,$2a$10$OvMaSpfIe9Mzu0wSXPpXxecrxlywo7txvV1iUM7iZXR7m9Mi48pn.,USER,0,,,,"2026-03-21 20:00:45","2026-03-21 20:00:45"
114,사용자22-2,mopl-user-22-2@test.com,$2a$10$WYT7paVJpmK.2c.pcDO6qOvHTosmOquV3AgDalHq17qNxHKw8GLT2,USER,0,,,,"2026-03-21 20:00:45","2026-03-21 20:00:45"
115,사용자11-4,mopl-user-11-4@test.com,$2a$10$t0KoDVLgj2qBRD7QgOEte.7Cli.fTz7x/I94bGzkgg9MsRZJg.Bu2,USER,0,,,,"2026-03-21 20:00:45","2026-03-21 20:00:45"
116,사용자31-1,mopl-user-31-1@test.com,$2a$10$viet3d8Q358XXPyPAaukwe0.rA8JCQJO9cY5YkrrAwJuGCdistqqa,USER,0,,,,"2026-03-21 20:00:45","2026-03-21 20:00:45"
117,사용자10-4,mopl-user-10-4@test.com,$2a$10$xQynhAOUmRb/UDG857xjG.L77M/hTxyCWmsa9KA0IQPXyJG7IBHjC,USER,0,,,,"2026-03-21 20:00:45","2026-03-21 20:00:45"
118,사용자37-0,mopl-user-37-0@test.com,$2a$10$csHVnwHug4vpHhM43FvF8ucjSb2B1obB.YvSpYhEBKWdq4ky0PoFO,USER,0,,,,"2026-03-21 20:00:45","2026-03-21 20:00:45"
119,사용자23-2,mopl-user-23-2@test.com,$2a$10$FA1THyZxRavvcXEkmEN60e3KjQww4.Oumqq.axLrHxey6yZrG3q4u,USER,0,,,,"2026-03-21 20:00:45","2026-03-21 20:00:45"
120,사용자6-5,mopl-user-6-5@test.com,$2a$10$jLtFZthQ3ZYMmJ2nviA/YebFHV/HWnM19J.DTBIiOd711qVmXIVG.,USER,0,,,,"2026-03-21 20:00:45","2026-03-21 20:00:45"
121,사용자12-1,mopl-user-12-1@test.com,$2a$10$Q7NZtkAwwFeZWaaYGl9yl.vKOEurVm/J2lQXBtXQ6TY9Ha4jKIC8W,USER,0,,,,"2026-03-21 20:00:45","2026-03-21 20:00:45"
122,사용자19-3,mopl-user-19-3@test.com,$2a$10$AZeZ5uKJnuEmxEurG13ghe0fGPV1mfgg0apUFvGjUhpBWUHKpiJQm,USER,0,,,,"2026-03-21 20:00:45","2026-03-21 20:00:45"
123,사용자40-0,mopl-user-40-0@test.com,$2a$10$LYp0QiRGkg1rwU41VJTC8OL6WJqqqYJs6EoCIL/xvZm9Hn1EBKYgy,USER,0,,,,"2026-03-21 20:00:45","2026-03-21 20:00:45"
124,사용자25-2,mopl-user-25-2@test.com,$2a$10$t6KG.VtgpJj1y2bgyZDrM.sCQoW6hZuo5NU0prWzlBhN1np0eMcGm,USER,0,,,,"2026-03-21 20:00:46","2026-03-21 20:00:46"
125,사용자14-3,mopl-user-14-3@test.com,$2a$10$LR2119lC.AWbNw/SD.nhtOAhxLIZ4QSX7iSVUsWhizTzXHMwFOPtW,USER,0,,,,"2026-03-21 20:00:46","2026-03-21 20:00:46"
126,사용자28-2,mopl-user-28-2@test.com,$2a$10$lOSQSQOICc.H6f23Z88hV.gqRW3.dxJfoIxRFood.t3u/Rd9omwtG,USER,0,,,,"2026-03-21 20:00:46","2026-03-21 20:00:46"
127,사용자35-0,mopl-user-35-0@test.com,$2a$10$kWPUUMONkDFpjvYPETdnKOLku4hsSdT9jgcIREQIbRhXI3bXtsICu,USER,0,,,,"2026-03-21 20:00:46","2026-03-21 20:00:46"
128,사용자32-1,mopl-user-32-1@test.com,$2a$10$KdG651VNEsiMj/6zAInI3ePFgae0vJUnlXvfrXwcUi4Vv77f87RMm,USER,0,,,,"2026-03-21 20:00:46","2026-03-21 20:00:46"
129,사용자16-4,mopl-user-16-4@test.com,$2a$10$U7CJBBwGM2d5J63pNRuiEeur6DarB.qHCByJMJlA7Ll/qH2fRs4cW,USER,0,,,,"2026-03-21 20:00:46","2026-03-21 20:00:46"
130,사용자21-2,mopl-user-21-2@test.com,$2a$10$tZlWgisf6ihSZt89H.aYPuBaBpW/qK70gh24SOtq3ffZN8IRcuoZG,USER,0,,,,"2026-03-21 20:00:46","2026-03-21 20:00:46"
131,사용자5-6,mopl-user-5-6@test.com,$2a$10$pRtcw983dwRAbldjp.RX9uXq81EHOXOApwlIsORVRj7Q7hMIriHAC,USER,0,,,,"2026-03-21 20:00:46","2026-03-21 20:00:46"
132,사용자1-7,mopl-user-1-7@test.com,$2a$10$lW3P34wvX3ZzTIMby9xOie1NGPUkV13X7cFf58Y6vQmW1XOrwadBq,USER,0,,,,"2026-03-21 20:00:47","2026-03-21 20:00:47"
133,사용자45-0,mopl-user-45-0@test.com,$2a$10$JukrdNlmvXjvbRxsy8/NL.KJwWbAwkB1ttUleUoW9OSkkumJOyydS,USER,0,,,,"2026-03-21 20:00:47","2026-03-21 20:00:47"
134,사용자48-0,mopl-user-48-0@test.com,$2a$10$hgR/f4dKt12AoJfi86ljOegEjICXK0h043C8ENWreJtMH8ELvzH0K,USER,0,,,,"2026-03-21 20:00:47","2026-03-21 20:00:47"
135,사용자26-1,mopl-user-26-1@test.com,$2a$10$VYYU.kBe6d9D0RVYtA3Epuhi2vIOOLNpb6nXphvewjRWfohEQF4Vq,USER,0,,,,"2026-03-21 20:00:47","2026-03-21 20:00:47"
136,사용자34-1,mopl-user-34-1@test.com,$2a$10$gCrbEcVVqSMLOQl3cZwKYeOUaOhH/wsgqgjhjlTiZbitQWm8gzVVK,USER,0,,,,"2026-03-21 20:00:47","2026-03-21 20:00:47"
137,사용자46-0,mopl-user-46-0@test.com,$2a$10$wFLERBrSKJkF89uej7c4TOCk3cO9fBkenbTrGYcWQL94rAOJcShcO,USER,0,,,,"2026-03-21 20:00:47","2026-03-21 20:00:47"
138,사용자4-6,mopl-user-4-6@test.com,$2a$10$paDs65vThTg2K7mZp4U9Xev/cQPDDrziVGmqmPLMu3M3o79ilkj96,USER,0,,,,"2026-03-21 20:00:47","2026-03-21 20:00:47"
139,사용자13-3,mopl-user-13-3@test.com,$2a$10$4p0EADA./uAnqRMa.4PHIOPwqUHAD8BkzTdO71fr0gD7obE8gPNAa,USER,0,,,,"2026-03-21 20:00:47","2026-03-21 20:00:47"
140,사용자20-3,mopl-user-20-3@test.com,$2a$10$yCGr7N7pdi95A9v4xhfmneXN9pRXJz/hA44Ua2OfshzwSlWbfJOma,USER,0,,,,"2026-03-21 20:00:47","2026-03-21 20:00:47"
141,사용자49-0,mopl-user-49-0@test.com,$2a$10$YSvyAmjtwBu24V/40Dsl9OKjADx285uvHYoqbaW51qrfVpt3.jWBm,USER,0,,,,"2026-03-21 20:00:47","2026-03-21 20:00:47"
142,사용자15-5,mopl-user-15-5@test.com,$2a$10$zpYMHOJidkCzEk9jO2k5kOPpmsLCZGJ1zfWmeZkdelRir5YX51nK2,USER,0,,,,"2026-03-21 20:00:48","2026-03-21 20:00:48"
143,사용자50-0,mopl-user-50-0@test.com,$2a$10$88FXOIOKcdQhgjU9ZtJm2OHVCb.qWXzgsWMP4PROFTW6g0rRWGgem,USER,0,,,,"2026-03-21 20:00:48","2026-03-21 20:00:48"
144,사용자17-4,mopl-user-17-4@test.com,$2a$10$gYtvn6tv1lW26XT9fMNUqO0HV1lV7GqQBOKOMOlY8Tu5SpdydDJdi,USER,0,,,,"2026-03-21 20:00:48","2026-03-21 20:00:48"
145,사용자24-2,mopl-user-24-2@test.com,$2a$10$hZ2jh2cb3sHdChGxMfBoDe3PZU.YziytdnnyD2P0IoR1NUCYOFTgO,USER,0,,,,"2026-03-21 20:00:48","2026-03-21 20:00:48"
146,사용자30-1,mopl-user-30-1@test.com,$2a$10$N/IudwcZgMjiUE0Zr0D67uQEKU4QTQ1NxNPww7hq7TI1aU73rG9Tm,USER,0,,,,"2026-03-21 20:00:48","2026-03-21 20:00:48"
147,사용자33-1,mopl-user-33-1@test.com,$2a$10$81vayY5KLLDfNQNiBU7ybevCgBCgW8ew6uSHUoQnHCNCZDAU8fAze,USER,0,,,,"2026-03-21 20:00:48","2026-03-21 20:00:48"
148,사용자18-4,mopl-user-18-4@test.com,$2a$10$xKjlRoT.GVF4iYmcSWZM6./fgHA5kzY1fwuOo1a/xxt.uVnjEYdma,USER,0,,,,"2026-03-21 20:00:48","2026-03-21 20:00:48"
149,사용자27-2,mopl-user-27-2@test.com,$2a$10$EPDPHQRK2euadylJ8lmtD.Ee9an8o/p/xmJxXTxZCgnInCUcXVnp.,USER,0,,,,"2026-03-21 20:00:48","2026-03-21 20:00:48"
150,사용자51-0,mopl-user-51-0@test.com,$2a$10$qFEVbQN8fUEUt9aCJqs3megUWHUw/.e/uRjMO9O7WUn.r3pRKXyQe,USER,0,,,,"2026-03-21 20:00:48","2026-03-21 20:00:48"
151,사용자29-1,mopl-user-29-1@test.com,$2a$10$6FMx6g6B/BIv21o2Gi8cz.Wi/MSIN9CVAOUz9/sL5ItmdKozOEgAq,USER,0,,,,"2026-03-21 20:00:48","2026-03-21 20:00:48"
152,사용자52-0,mopl-user-52-0@test.com,$2a$10$ZNBo0cUtLrUam0ilYridTOIMJi8Hkh2PLgMa9WJYvTtWr6VYR4ToO,USER,0,,,,"2026-03-21 20:00:49","2026-03-21 20:00:49"
153,사용자2-7,mopl-user-2-7@test.com,$2a$10$hAW6Qi2ku8a.Mnu9VIDGkecwD1x2DE5cpoINXIib.wo6rnWaZbPxi,USER,0,,,,"2026-03-21 20:00:49","2026-03-21 20:00:49"
154,사용자8-6,mopl-user-8-6@test.com,$2a$10$EShpiLxScziKbOY5HPhxI.BOBLgqZJDYdbSZgMmBmJ.9w/wUvjjE6,USER,0,,,,"2026-03-21 20:00:49","2026-03-21 20:00:49"
155,사용자26-2,mopl-user-26-2@test.com,$2a$10$Evc7ykqUx2gU8kE7WWkKke59BNjxIJ2FIDjOA4kJGZKZIPBQ7UXIa,USER,0,,,,"2026-03-21 20:00:49","2026-03-21 20:00:49"
156,사용자36-1,mopl-user-36-1@test.com,$2a$10$a3QbwhAgHaWeMIyR75M/tezxs0.EG55eUrymHjAzL8KztIis.rXDK,USER,0,,,,"2026-03-21 20:00:49","2026-03-21 20:00:49"
157,사용자3-7,mopl-user-3-7@test.com,$2a$10$B7OFJvIsDu./AXq8FqTw0eWGWtTKTWwZf0vibbrCuZKlaql03YbP.,USER,0,,,,"2026-03-21 20:00:49","2026-03-21 20:00:49"
158,사용자41-0,mopl-user-41-0@test.com,$2a$10$RWNVnAMIJDk0zCC.7i0W5.gde9u0NT5fJSF8H19wumDeDsTnUqJyu,USER,0,,,,"2026-03-21 20:00:49","2026-03-21 20:00:49"
159,사용자43-0,mopl-user-43-0@test.com,$2a$10$cXfA6eetkkhhYaWRlDq23OEkTQd7LWKE6kUeUmIcrim5B2R1X1oWq,USER,0,,,,"2026-03-21 20:00:49","2026-03-21 20:00:49"
160,사용자22-3,mopl-user-22-3@test.com,$2a$10$VCN22/YrDI./wDltMen6WuxzYTifHdtnEWtItJ8S8QLZlSJqzPe1q,USER,0,,,,"2026-03-21 20:00:49","2026-03-21 20:00:49"
161,사용자7-3,mopl-user-7-3@test.com,$2a$10$Tr.Ya2kvdKoAAVfrqAxQEe65Zc8F0KoDUrSKX3r0OY9va61PlFHcG,USER,0,,,,"2026-03-21 20:00:49","2026-03-21 20:00:49"
162,사용자38-1,mopl-user-38-1@test.com,$2a$10$lN7PTrPPL021i7HRzBBZQODxsWUFYWjo52ghSalk6Bs8sa2zeaRgi,USER,0,,,,"2026-03-21 20:00:49","2026-03-21 20:00:49"
163,사용자31-2,mopl-user-31-2@test.com,$2a$10$NxdCZPwQv8yD3ZDZjhvEPeu7OWiQBpwAFtE874LkHdMIZQqkHMKhG,USER,0,,,,"2026-03-21 20:00:50","2026-03-21 20:00:50"
164,사용자10-5,mopl-user-10-5@test.com,$2a$10$M75ix0cjdo.xWjVifrR/P.WcKCg6c1VVWPX3lvRL5sjex36KObDea,USER,0,,,,"2026-03-21 20:00:50","2026-03-21 20:00:50"
165,사용자54-0,mopl-user-54-0@test.com,$2a$10$w2zyvzulm5FdQcHfOIp5TOTWh3klbdcWOeVZv790sXTCduyx.CnCK,USER,0,,,,"2026-03-21 20:00:50","2026-03-21 20:00:50"
166,사용자11-5,mopl-user-11-5@test.com,$2a$10$vy3VxK1EXEbjPYnEWV/7kOxP5NwCiMn8Vj.DqU73zDFnTudk2Wkmi,USER,0,,,,"2026-03-21 20:00:50","2026-03-21 20:00:50"
167,사용자53-0,mopl-user-53-0@test.com,$2a$10$HdjHbb28MprPPxVy3heSY.6wZHonjjd52/It/9a7CbjaArYp4KdLi,USER,0,,,,"2026-03-21 20:00:50","2026-03-21 20:00:50"
168,사용자37-1,mopl-user-37-1@test.com,$2a$10$B6ADJmb1tqjMSL4rW4AOa.hGE/njnuGOpI603.0/V1j3W4m/CMzme,USER,0,,,,"2026-03-21 20:00:50","2026-03-21 20:00:50"
169,사용자23-3,mopl-user-23-3@test.com,$2a$10$vKSUGqscl8M4YOzusPHMfer45xVVC.SWQMrPrktQP9ao48slI6fAS,USER,0,,,,"2026-03-21 20:00:50","2026-03-21 20:00:50"
170,사용자6-6,mopl-user-6-6@test.com,$2a$10$bdHEMALyPPWkTzzMev4LYe20DWs3FSq7bcHQkUB4OGjq5Zc3LN9m.,USER,0,,,,"2026-03-21 20:00:50","2026-03-21 20:00:50"
171,사용자40-1,mopl-user-40-1@test.com,$2a$10$gVVnaAB/zrXkaWh/xGy6VOyjkmLh.BoL6zJcz0WedGWjQMz5rJt1y,USER,0,,,,"2026-03-21 20:00:50","2026-03-21 20:00:50"
172,사용자14-4,mopl-user-14-4@test.com,$2a$10$PDiAe9bgDMosb8L0Jsrl8umvJGA011zfrDe3DdQ361bnrlitx96N6,USER,0,,,,"2026-03-21 20:00:50","2026-03-21 20:00:50"
173,사용자12-2,mopl-user-12-2@test.com,$2a$10$dH2o5X.i5JSZBYU.shIz1udQGY0Z1F0LBJRB5L7N6JWrXMK4gEntC,USER,0,,,,"2026-03-21 20:00:51","2026-03-21 20:00:51"
174,사용자25-3,mopl-user-25-3@test.com,$2a$10$0wcgA64ZyxbAlzKCvIDVI.q6GQjLNeFunk/aCFCbUVr7K8vUnvIGy,USER,0,,,,"2026-03-21 20:00:51","2026-03-21 20:00:51"
175,사용자19-4,mopl-user-19-4@test.com,$2a$10$upJNohg1Cv5AOexda0nnl.JNlB5zqw4S.P3B/mAev3lWb.4uwdkxq,USER,0,,,,"2026-03-21 20:00:51","2026-03-21 20:00:51"
176,사용자55-0,mopl-user-55-0@test.com,$2a$10$5czH0bAlTRJt3P7nPXCwFOzhmdmrY67CqMDA/sgn1puodtBcSCAve,USER,0,,,,"2026-03-21 20:00:51","2026-03-21 20:00:51"
177,사용자44-0,mopl-user-44-0@test.com,$2a$10$j9vHWJUUfaMUKL6oPz0aGeJu0UP/XlRgLOpvgh2MZzqtQs0kV8qQy,USER,0,,,,"2026-03-21 20:00:51","2026-03-21 20:00:51"
178,사용자21-3,mopl-user-21-3@test.com,$2a$10$V7jEZM0oiP2i63Dw9k9SveS4SyDFZqIPx2DcqJWaqcGdgwKH.Fj3y,USER,0,,,,"2026-03-21 20:00:51","2026-03-21 20:00:51"
179,사용자1-8,mopl-user-1-8@test.com,$2a$10$XDuzYwKuw5ZEBX6Rh/N/QOySSwWvgwkfMbuAAT4OJQgowgsG3.Yqm,USER,0,,,,"2026-03-21 20:00:51","2026-03-21 20:00:51"
180,사용자5-7,mopl-user-5-7@test.com,$2a$10$8opRkiPiqR/V.CBWBzZooeQI749InIGY9fKF1tssZXyESlo6WKnIq,USER,0,,,,"2026-03-21 20:00:51","2026-03-21 20:00:51"
181,사용자28-3,mopl-user-28-3@test.com,$2a$10$pviV4Se5uY3PAl.TzA3rmOS0EL8olQ2EziUwN.EI39/zw87N/Q23K,USER,0,,,,"2026-03-21 20:00:51","2026-03-21 20:00:51"
182,사용자16-5,mopl-user-16-5@test.com,$2a$10$4Yh7lt6hVF.I2zbVTth2kub6HjosT1XylaDsVUwgwfazL7XhBw92G,USER,0,,,,"2026-03-21 20:00:51","2026-03-21 20:00:51"
183,사용자56-0,mopl-user-56-0@test.com,$2a$10$witn4wGSLHep17XXuUIg9ewZd4b4CkKw2iEilzfdrjIYtBUFcWSKK,USER,0,,,,"2026-03-21 20:00:51","2026-03-21 20:00:51"
184,사용자35-1,mopl-user-35-1@test.com,$2a$10$AQo0X0hr8GsIPp/lexwuYOpzOKRfDKPXH.7A9hCEx.LiXT1i79MES,USER,0,,,,"2026-03-21 20:00:52","2026-03-21 20:00:52"
185,사용자32-2,mopl-user-32-2@test.com,$2a$10$frapEfZ7a4BS.PwtTv9yUu9Ye1.MPM4cPcchZiNHEEWPUjNfaoK4y,USER,0,,,,"2026-03-21 20:00:52","2026-03-21 20:00:52"
186,사용자48-1,mopl-user-48-1@test.com,$2a$10$8qG3jKP8huI5NcqbFrihMeXkPkOMQqwz4Ho.whVK64BCcbGmKlyRG,USER,0,,,,"2026-03-21 20:00:52","2026-03-21 20:00:52"
187,사용자57-0,mopl-user-57-0@test.com,$2a$10$ZNuFT6z1J0yrTNoKSHZr5OJD383jhCyQJZheSAHx/2F6QVaDUfvRq,USER,0,,,,"2026-03-21 20:00:52","2026-03-21 20:00:52"
188,사용자45-1,mopl-user-45-1@test.com,$2a$10$8kkPMdWnLcwlFzzouF7mtONs49Q39OMZI0Fn5.H4.GOQCVk2YF0OW,USER,0,,,,"2026-03-21 20:00:52","2026-03-21 20:00:52"
189,사용자58-0,mopl-user-58-0@test.com,$2a$10$ZUzvAn3zeO.vVWcjlT0Q.ekAs.JAA9bJq5szmFhI86yl94A3PP4pS,USER,0,,,,"2026-03-21 20:00:52","2026-03-21 20:00:52"
190,사용자9-5,mopl-user-9-5@test.com,$2a$10$619jzD2GTf88vbcViZba8.CnDu4eNEEGyQdECcxtH1y7.LqCOKKiW,USER,0,,,,"2026-03-21 20:00:52","2026-03-21 20:00:52"
191,사용자59-0,mopl-user-59-0@test.com,$2a$10$KvnodkNGCnXi39TxvwdADO2j/lnm0Z6RHVkEoj/58ap1rzQLA2Voe,USER,0,,,,"2026-03-21 20:00:52","2026-03-21 20:00:52"
192,사용자34-2,mopl-user-34-2@test.com,$2a$10$OSiwuVYvBmBr4QldaZrNROcs0WFCi4321S6C/C2z/68QKFD9Q/qQ.,USER,0,,,,"2026-03-21 20:00:53","2026-03-21 20:00:53"
193,사용자46-1,mopl-user-46-1@test.com,$2a$10$DTwpna3PYiBZOdb7sFy82.xKihvXUMpW49jW5VECvzb1Dq0Du9S.W,USER,0,,,,"2026-03-21 20:00:53","2026-03-21 20:00:53"
194,사용자13-4,mopl-user-13-4@test.com,$2a$10$ESDs.MFiG8gkR5rid4DQ7.x8zkAWkcYGhUXb/CTfuRXK2rtii.BUC,USER,0,,,,"2026-03-21 20:00:53","2026-03-21 20:00:53"
195,사용자4-7,mopl-user-4-7@test.com,$2a$10$dFjmvsgJwrZmgcDsAK.IEuSJ1/4fcld2GrKcvkfAkWazTEI1ZUS5i,USER,0,,,,"2026-03-21 20:00:53","2026-03-21 20:00:53"
196,사용자20-4,mopl-user-20-4@test.com,$2a$10$gQGg79Gv4bhZ9fnJXuWnnukzd/ziATyKnVM1Iq.nCrNm9w8mX0J3y,USER,0,,,,"2026-03-21 20:00:53","2026-03-21 20:00:53"
197,사용자60-0,mopl-user-60-0@test.com,$2a$10$tTbuQe2aACK9qZHvCN0nx.oHfgfd252j7sbnYuzTGs9dEi5gI2Vfy,USER,0,,,,"2026-03-21 20:00:53","2026-03-21 20:00:53"
198,사용자62-0,mopl-user-62-0@test.com,$2a$10$Wj.Tttd/QZXShSZFI9.tIuQDfMRT3NXNq6avUMj.9XTM5PxJ7X2n2,USER,0,,,,"2026-03-21 20:00:53","2026-03-21 20:00:53"
199,사용자49-1,mopl-user-49-1@test.com,$2a$10$.nz36b6AOGD7kL7Ewp31feu.ve84c1xGp5lKrM9sCNluKJ.AqCP6e,USER,0,,,,"2026-03-21 20:00:53","2026-03-21 20:00:53"
200,사용자30-2,mopl-user-30-2@test.com,$2a$10$G/aQ1t9tZDQqS.ckKyr7KelPQjYzkSBa36Ht2GoQI/788EX4E8rzC,USER,0,,,,"2026-03-21 20:00:53","2026-03-21 20:00:53"
201,사용자15-6,mopl-user-15-6@test.com,$2a$10$aGzoi9Mk966cNylWJ/C9Te/6087eVNwQohhDfWl.MtOPWNIwgKdoi,USER,0,,,,"2026-03-21 20:00:53","2026-03-21 20:00:53"
202,사용자33-2,mopl-user-33-2@test.com,$2a$10$q5D9q0OQZYLFL1/ZuH3je.fs.ZZZKX275qGo3HCvuOFlXKiIbnA0m,USER,0,,,,"2026-03-21 20:00:53","2026-03-21 20:00:53"
203,사용자27-3,mopl-user-27-3@test.com,$2a$10$NhgLUY4OWqCzTLm4KEnCSeIZuR8nzjo4daKWSEujha22f49xySI7m,USER,0,,,,"2026-03-21 20:00:54","2026-03-21 20:00:54"
204,사용자17-5,mopl-user-17-5@test.com,$2a$10$1kIdTOu41M5Xdg47TFF5H.auyUCjj0WpRL3lMsB8.HXqh8BDpjISy,USER,0,,,,"2026-03-21 20:00:54","2026-03-21 20:00:54"
205,사용자50-1,mopl-user-50-1@test.com,$2a$10$xauE1Bh7icdtTVo9G.IJVeecved0lGNOJK0wvq0yqcBrOMnvHZAV2,USER,0,,,,"2026-03-21 20:00:54","2026-03-21 20:00:54"
206,사용자63-0,mopl-user-63-0@test.com,$2a$10$xduoq3mku4u8vkb8VWbQ6.2x8gjVlwNFijnEXNB0n7eB2ahbhQMN.,USER,0,,,,"2026-03-21 20:00:54","2026-03-21 20:00:54"
207,사용자24-3,mopl-user-24-3@test.com,$2a$10$XkpAnWHPMIVYVDYxzGbcO.vHFwZo2eAOV9E4PeL9YsuqJJUz/4Md6,USER,0,,,,"2026-03-21 20:00:54","2026-03-21 20:00:54"
208,사용자61-0,mopl-user-61-0@test.com,$2a$10$kr8A6jVf7ZmqJp6hHctPCuEJmejl/Bmk7E9a7t/iD9Ce.cuw6w6Hu,USER,0,,,,"2026-03-21 20:00:54","2026-03-21 20:00:54"
209,사용자29-2,mopl-user-29-2@test.com,$2a$10$jE915ytkosk9dHlQ5iQf8uDiJ28V9e2KLJGoc05eBZgPG8s6HlyQy,USER,0,,,,"2026-03-21 20:00:54","2026-03-21 20:00:54"
210,사용자18-5,mopl-user-18-5@test.com,$2a$10$JnMt3qE/qVnd16whqXep.eHanUUGKPezzlvUz2FWitlkpv06SpV1u,USER,0,,,,"2026-03-21 20:00:54","2026-03-21 20:00:54"
211,사용자51-1,mopl-user-51-1@test.com,$2a$10$7qCfCaqdb4IrLPsln9K/K.0ymtHDao/QbqEuSeYP5ztZ6WjY0uSTi,USER,0,,,,"2026-03-21 20:00:54","2026-03-21 20:00:54"
212,사용자2-8,mopl-user-2-8@test.com,$2a$10$QuuQSXeCw.tND3HpMN4N1.AcTn7HbIdWf/lVliah2O2.hGmsWr0cC,USER,0,,,,"2026-03-21 20:00:54","2026-03-21 20:00:54"
213,사용자8-7,mopl-user-8-7@test.com,$2a$10$PS/RE.3ginCmkvE80o.8oe3lvGer3MH0p4FqGf9v8dZKnn67w4qdO,USER,0,,,,"2026-03-21 20:00:54","2026-03-21 20:00:54"
214,사용자64-0,mopl-user-64-0@test.com,$2a$10$O.KXsDMVO1sAPzfJvR0NmOSz0h698OuLcyw8bJSAf.KVMnBmyH03G,USER,0,,,,"2026-03-21 20:00:55","2026-03-21 20:00:55"
215,사용자52-1,mopl-user-52-1@test.com,$2a$10$/83rfY3udri2gE5oJ2tS5eT7nVm97CLumchesEOPveAXFfMZNZk.q,USER,0,,,,"2026-03-21 20:00:55","2026-03-21 20:00:55"
216,사용자26-3,mopl-user-26-3@test.com,$2a$10$3uTizsEk1uwCSyzqS36SGOMeumMV.3zvadImML26QoMIElHenP.o6,USER,0,,,,"2026-03-21 20:00:55","2026-03-21 20:00:55"
217,사용자65-0,mopl-user-65-0@test.com,$2a$10$PKkI2lGCRkCWVN8acpEwEexpXCHAG7mo.AgRIfj.0TlTQx3u82Ray,USER,0,,,,"2026-03-21 20:00:55","2026-03-21 20:00:55"
218,사용자41-1,mopl-user-41-1@test.com,$2a$10$/nTxcnfGTNjuS505Kmlsfej51kPCkG1MMjWCJrInCKmD/XTxOCKni,USER,0,,,,"2026-03-21 20:00:55","2026-03-21 20:00:55"
219,사용자36-2,mopl-user-36-2@test.com,$2a$10$gFyvAOJzxQ/5JfF4yK0QE.npIxoM5F7sTAPA3jMyn1hrjt1VB0mQy,USER,0,,,,"2026-03-21 20:00:55","2026-03-21 20:00:55"
220,사용자3-8,mopl-user-3-8@test.com,$2a$10$PwNZPm88LRxYIF5XpazMKeM2qNvgsoIxK5z0LtW0pHWZayUvLhF1.,USER,0,,,,"2026-03-21 20:00:55","2026-03-21 20:00:55"
221,사용자43-1,mopl-user-43-1@test.com,$2a$10$B8U6W1hT8HI0J2SG4ZLJsOxJJ9U7Yw/AGwd/KE.mhJgeNYX3FIcL2,USER,0,,,,"2026-03-21 20:00:55","2026-03-21 20:00:55"
222,사용자66-0,mopl-user-66-0@test.com,$2a$10$35sayzbmNEySBOhWx34VWO2l4UYc1RNXnR9W3mXC8yrMJJg99rBYG,USER,0,,,,"2026-03-21 20:00:55","2026-03-21 20:00:55"
223,사용자7-4,mopl-user-7-4@test.com,$2a$10$U6RJJnTSyDDjJx4kVpNp/uww4ILc.qKtgd0vv86Pw/8fxMGc5Cj4a,USER,0,,,,"2026-03-21 20:00:55","2026-03-21 20:00:55"
224,사용자22-4,mopl-user-22-4@test.com,$2a$10$k1NmgXL43MQwg4K2xKMGfOfR.nhIY0AhFG1vUWjRMiocxa/WgF/BC,USER,0,,,,"2026-03-21 20:00:56","2026-03-21 20:00:56"
225,사용자53-1,mopl-user-53-1@test.com,$2a$10$DTi6/NRQsxKnHMNjeVPgTe3C1uq9S35tNZn8ujRjGLU6AYYwHwbXy,USER,0,,,,"2026-03-21 20:00:56","2026-03-21 20:00:56"
226,사용자38-2,mopl-user-38-2@test.com,$2a$10$i/wOq.DDKTO1x42vL/YjXOgj.2xoKsyHp0tDeA2puegDQuphYf2uK,USER,0,,,,"2026-03-21 20:00:56","2026-03-21 20:00:56"
227,사용자31-3,mopl-user-31-3@test.com,$2a$10$R7YRt/uJtoH7G9/S7arSAu2hgZcs4pGOG/l3Hmr42nOwryJ9ehEhi,USER,0,,,,"2026-03-21 20:00:56","2026-03-21 20:00:56"
228,사용자10-6,mopl-user-10-6@test.com,$2a$10$gf1eUqORMtAzRYoy2fyGEu3LMuDH0v0c6LtzTaf1JxA9XMANWjFx6,USER,0,,,,"2026-03-21 20:00:56","2026-03-21 20:00:56"
229,사용자67-0,mopl-user-67-0@test.com,$2a$10$QyTt.Yk5J7CtCEhXWAkaNeK2gNvNb.wkfy3yL2tnU4hM0SpkYfFfa,USER,0,,,,"2026-03-21 20:00:56","2026-03-21 20:00:56"
230,사용자54-1,mopl-user-54-1@test.com,$2a$10$c1r.MDTVpyRovqFS3.pMZevm2ApRhNJKGyF4vidcifsyj1eqrdGfW,USER,0,,,,"2026-03-21 20:00:56","2026-03-21 20:00:56"
231,사용자37-2,mopl-user-37-2@test.com,$2a$10$Nr7yzMuwV8u5QsNboxAak.2hJM8O6r6PWS9uXsqrCr8vQI/TNdatC,USER,0,,,,"2026-03-21 20:00:56","2026-03-21 20:00:56"
232,사용자68-0,mopl-user-68-0@test.com,$2a$10$FZxRvNHlSfltHbMXdS.M9Or7oiD6nMgqVG2INZBO9LIEkZOiyotni,USER,0,,,,"2026-03-21 20:00:56","2026-03-21 20:00:56"
233,사용자14-5,mopl-user-14-5@test.com,$2a$10$WbA3Bg9eYq1oKgfh9I.xauXocyVAGxaZe7pf2hMaX9UUjlfotnN7S,USER,0,,,,"2026-03-21 20:00:56","2026-03-21 20:00:56"
234,사용자11-6,mopl-user-11-6@test.com,$2a$10$YoUIGlfCneQcE5muNYljCOJaDRGmF9Vlff9mQaP7Q/J3ImgFs0V/K,USER,0,,,,"2026-03-21 20:00:57","2026-03-21 20:00:57"
235,사용자69-0,mopl-user-69-0@test.com,$2a$10$/MrrqAT5A6ehts1nka9CVed0lUmTMdtP68Itu6D4F50DW/3ovx.EW,USER,0,,,,"2026-03-21 20:00:57","2026-03-21 20:00:57"
236,사용자40-2,mopl-user-40-2@test.com,$2a$10$Qdc1PZ0lF51dHrM3tqoLuuziN8HFvmfjNy8Q1u5ASLfG0QSyT2NfC,USER,0,,,,"2026-03-21 20:00:57","2026-03-21 20:00:57"
237,사용자23-4,mopl-user-23-4@test.com,$2a$10$u6Uu6NKSsDZr25TqpwXZ.eaQuQx4teGzhOtCVCw6KuLRf3gw28zVW,USER,0,,,,"2026-03-21 20:00:57","2026-03-21 20:00:57"
238,사용자6-7,mopl-user-6-7@test.com,$2a$10$3mBzJ3ufhpL02h59EiSMg.H4fnN9jb.jUhrIE8Bgnedc0VW501Br.,USER,0,,,,"2026-03-21 20:00:57","2026-03-21 20:00:57"
239,사용자12-3,mopl-user-12-3@test.com,$2a$10$9s4ZXJzAZ8BZkQ2uvso8xuo2O9JYcY6v/Ni5fJP30mLYnFFVbUTDu,USER,0,,,,"2026-03-21 20:00:57","2026-03-21 20:00:57"
240,사용자70-0,mopl-user-70-0@test.com,$2a$10$Uewsfgft0xGBu4GGI4WXYub9ezNlIu4vvhp3NZLRlb75jgaUBz8Cy,USER,0,,,,"2026-03-21 20:00:57","2026-03-21 20:00:57"
241,사용자19-5,mopl-user-19-5@test.com,$2a$10$PqLBJ.C2iYEPYCj8WcW65u/01Sw77VCBO0/EDM/znFqlwmo/x6cIa,USER,0,,,,"2026-03-21 20:00:57","2026-03-21 20:00:57"
242,사용자72-0,mopl-user-72-0@test.com,$2a$10$v9CFbUG9dgnQvQPGNFI48ukUy4MNk.hOEyaCLSZp510jV3cUsSwNW,USER,0,,,,"2026-03-21 20:00:57","2026-03-21 20:00:57"
243,사용자25-4,mopl-user-25-4@test.com,$2a$10$ukeHii.K6S1E44f2MeeOuOxAt4m.C8KT1vD8Y6bbPJysTgALABDcu,USER,0,,,,"2026-03-21 20:00:57","2026-03-21 20:00:57"
244,사용자55-1,mopl-user-55-1@test.com,$2a$10$wyGDKHS80LTF/jp2Id0vuuD9Kb/cuBD3d3wEBFSncHsNGYfs/0pT2,USER,0,,,,"2026-03-21 20:00:58","2026-03-21 20:00:58"
245,사용자44-1,mopl-user-44-1@test.com,$2a$10$LkKFK5FkTQUfGKZXJ1oCC.SmEPxSpvdKhlbboXcPFEaVsxzwyGf5K,USER,0,,,,"2026-03-21 20:00:58","2026-03-21 20:00:58"
246,사용자21-4,mopl-user-21-4@test.com,$2a$10$x.uWMzZ13LPB0riDJAWA7OmKslLtr0iHJ9xNYo7erodb.YfMfXUoa,USER,0,,,,"2026-03-21 20:00:58","2026-03-21 20:00:58"
247,사용자1-9,mopl-user-1-9@test.com,$2a$10$n.aQsxb.S2jn2Nf1ctEK1.UbfiFdxxdYamIrRf1wRVbI95TKyL7Ve,USER,0,,,,"2026-03-21 20:00:58","2026-03-21 20:00:58"
248,사용자71-0,mopl-user-71-0@test.com,$2a$10$J7dJtdgJu15mBbsGCPEUceRAHfLKsq2JhiDmcHQWDAYD6wz5XsE/C,USER,0,,,,"2026-03-21 20:00:58","2026-03-21 20:00:58"
249,사용자5-8,mopl-user-5-8@test.com,$2a$10$oTpt4ACZUijhoKH2PB5rJu/u3.Zy450zhjglMyla43BeVySzSl0Y2,USER,0,,,,"2026-03-21 20:00:58","2026-03-21 20:00:58"
250,사용자39-0,mopl-user-39-0@test.com,$2a$10$8tyfeStHpAQideF3skdZ..4k2o8CdiAex9O4zgVeXSL4hucyZcaVC,USER,0,,,,"2026-03-21 20:00:58","2026-03-21 20:00:58"
251,사용자16-6,mopl-user-16-6@test.com,$2a$10$r8Im7IM38ObkrM5sBvInzu26y27vYWF0.tRTKUdWW3NJEfo7/EJ3u,USER,0,,,,"2026-03-21 20:00:58","2026-03-21 20:00:58"
252,사용자28-4,mopl-user-28-4@test.com,$2a$10$VFYxNGlDj0Jyhq4LRyFv2eaZDy7vN7Kinl3cvN5zsMUpR3K6tI.h.,USER,0,,,,"2026-03-21 20:00:58","2026-03-21 20:00:58"
253,사용자32-3,mopl-user-32-3@test.com,$2a$10$peUyTZZzrrhwUuPe5ao7Oe0RjI1Uo3uWOuImnWZs6KKLaLV8nlHca,USER,0,,,,"2026-03-21 20:00:58","2026-03-21 20:00:58"
254,사용자56-1,mopl-user-56-1@test.com,$2a$10$t.M3/03gUq/yME9//T0deOZz0z6vFefkmW2uTJB0md6A4h9QGjmP6,USER,0,,,,"2026-03-21 20:00:58","2026-03-21 20:00:58"
255,사용자47-0,mopl-user-47-0@test.com,$2a$10$vAATR5SSUyXV0YAmsDsbS.wYInteVJuv.BQSohvLx3ZIyt/wLDUK2,USER,0,,,,"2026-03-21 20:00:59","2026-03-21 20:00:59"
256,사용자35-2,mopl-user-35-2@test.com,$2a$10$r79QpaKfCdFj9Dv9713A9efPuBzGujKHyndGNqT73sx7jmqj7wbUa,USER,0,,,,"2026-03-21 20:00:59","2026-03-21 20:00:59"
257,사용자48-2,mopl-user-48-2@test.com,$2a$10$sOKNbBsl715Ke.wz9K49PO5.H/QI59/FaNFRDlGj4L2U6tLSeDUNS,USER,0,,,,"2026-03-21 20:00:59","2026-03-21 20:00:59"
258,사용자57-1,mopl-user-57-1@test.com,$2a$10$09uMH.7hsyUQnAn17dofiOyj4uKB9iOXemMpY1bbwQiAwa6lAbdMS,USER,0,,,,"2026-03-21 20:00:59","2026-03-21 20:00:59"
259,사용자73-0,mopl-user-73-0@test.com,$2a$10$1yYGnaDXmXj5Uy5bGAEZHuzJXE3/.qjvhzWHULcUvxCyg9/da1.CG,USER,0,,,,"2026-03-21 20:00:59","2026-03-21 20:00:59"
260,사용자75-0,mopl-user-75-0@test.com,$2a$10$oD85SukxY.sNqHMgA8f6leGOSHmhiSbdxbYiBSkCN3XOyPbRe5oOK,USER,0,,,,"2026-03-21 20:00:59","2026-03-21 20:00:59"
261,사용자45-2,mopl-user-45-2@test.com,$2a$10$PVptOGcxw3EOUoEn2.5CDOy0VPYIGnCLJBNsrjLWem1ZHxXhPkm/2,USER,0,,,,"2026-03-21 20:00:59","2026-03-21 20:00:59"
262,사용자46-2,mopl-user-46-2@test.com,$2a$10$piZQA1gMfIkkFQGVbTWKSOhWZM4qUetgJ36sTZLMeJOWfaY4354ai,USER,0,,,,"2026-03-21 20:01:00","2026-03-21 20:01:00"
263,사용자9-6,mopl-user-9-6@test.com,$2a$10$aaMko28wKpXaas24szU6meFBpcefncoudxXXyM0hgLnTykkvsbBWO,USER,0,,,,"2026-03-21 20:01:00","2026-03-21 20:01:00"
264,사용자4-8,mopl-user-4-8@test.com,$2a$10$73bbGbQH56pslS0oTBLJnOaDKK.1pYlq48AzrKmUuFaGU4Y5901p2,USER,0,,,,"2026-03-21 20:01:00","2026-03-21 20:01:00"
265,사용자58-1,mopl-user-58-1@test.com,$2a$10$SNI5NctdumbwP07WZRIsdOokZABsXUY4rdm/7TYzSpObAMu7gIrx2,USER,0,,,,"2026-03-21 20:01:00","2026-03-21 20:01:00"
266,사용자59-1,mopl-user-59-1@test.com,$2a$10$JUUd.FHgLkaZUOTuhzCJOegI0Pyomve3IEEd1PC1MDEY833jzXcn2,USER,0,,,,"2026-03-21 20:01:00","2026-03-21 20:01:00"
267,사용자13-5,mopl-user-13-5@test.com,$2a$10$MwOBEnJXU3HlBTCKf7hTm.0Sh9JtzkS7dHyIadnq1DOmn91ExXtYu,USER,0,,,,"2026-03-21 20:01:00","2026-03-21 20:01:00"
268,사용자34-3,mopl-user-34-3@test.com,$2a$10$ShrjtVi9TVbzzZaJZS4OtuLlNVeA6mkA2Qo7KdYJcFm8un5AcP382,USER,0,,,,"2026-03-21 20:01:00","2026-03-21 20:01:00"
269,사용자78-0,mopl-user-78-0@test.com,$2a$10$5MHg.yOA7zPR4DVUem.U4OwLpiBZ4kTv1li4/I8x.qFVOd9UCs8mG,USER,0,,,,"2026-03-21 20:01:00","2026-03-21 20:01:00"
270,사용자30-3,mopl-user-30-3@test.com,$2a$10$j98.0iQe/Hdc.X04cAA6JuBFIJsS0uAGiUF5cckP5zohFhY4LXOQm,USER,0,,,,"2026-03-21 20:01:00","2026-03-21 20:01:00"
271,사용자49-2,mopl-user-49-2@test.com,$2a$10$O56fjxuW12AnQUt347ZkheLuah1QwAAEWa.fkvexAsub1gmfw9Kgi,USER,0,,,,"2026-03-21 20:01:00","2026-03-21 20:01:00"
272,사용자77-0,mopl-user-77-0@test.com,$2a$10$s86J1nZfMM.hKpU8z4D7LOLcfFaEM40AykhaT2zVLYTY0F5e5sm1O,USER,0,,,,"2026-03-21 20:01:00","2026-03-21 20:01:00"
273,사용자20-5,mopl-user-20-5@test.com,$2a$10$nXlnC2A.TUpT7JHXlORGF.DcS3OSaBNPClgliWeFAgcmsqu8g.QX2,USER,0,,,,"2026-03-21 20:01:00","2026-03-21 20:01:00"
274,사용자62-1,mopl-user-62-1@test.com,$2a$10$5.kvia2J6GIPDE0BhFjnt.rX48QLXokjNmdlGM4dA77FzIfCugW6O,USER,0,,,,"2026-03-21 20:01:01","2026-03-21 20:01:01"
275,사용자60-1,mopl-user-60-1@test.com,$2a$10$KKWy3y6NzbaF8.wrsdSQuOaZc90fO20CB96zn1QvwbugSs5fgeeMC,USER,0,,,,"2026-03-21 20:01:01","2026-03-21 20:01:01"
276,사용자83-0,mopl-user-83-0@test.com,$2a$10$.M6Rqm7r1rXerePjoS/EAuirx1AWwQFlQnTcjvcX0CyNXVjXDOaHa,USER,0,,,,"2026-03-21 20:01:01","2026-03-21 20:01:01"
277,사용자33-3,mopl-user-33-3@test.com,$2a$10$7hXEzh677PEARNwLQAdISuetHVB4oVwiMKeovMhHkaJSituFGhxtC,USER,0,,,,"2026-03-21 20:01:01","2026-03-21 20:01:01"
278,사용자15-7,mopl-user-15-7@test.com,$2a$10$WOK6v1ABfX0dDr0GCJyQze8x3LDxreUCQ.sEJtC8NNd7EHQB1XcJy,USER,0,,,,"2026-03-21 20:01:01","2026-03-21 20:01:01"
279,사용자74-0,mopl-user-74-0@test.com,$2a$10$RmNGCk3hH.is0qdp9HlNrO5X/hGn4JMMpkPS9nSzpMeykYyVN5Vxy,USER,0,,,,"2026-03-21 20:01:01","2026-03-21 20:01:01"
280,사용자27-4,mopl-user-27-4@test.com,$2a$10$XKJrzug0sE.MfBRnwg49keBloH5l3H1IAIFS.mqBd5EpX5IGoDOae,USER,0,,,,"2026-03-21 20:01:01","2026-03-21 20:01:01"
281,사용자50-2,mopl-user-50-2@test.com,$2a$10$u30moysC1Vis4ee5KbREZe8S2w5seowhnR2J34rARHrd3owjVVJRC,USER,0,,,,"2026-03-21 20:01:01","2026-03-21 20:01:01"
282,사용자42-0,mopl-user-42-0@test.com,$2a$10$4cVpCzVU/ElYbqMDikWCaOcY0v3AG2IkYhUfhaW8Y/ifdjYJUZ46C,USER,0,,,,"2026-03-21 20:01:02","2026-03-21 20:01:02"
283,사용자17-6,mopl-user-17-6@test.com,$2a$10$fYFdHP4xyxFoRUzWmUqy3O2v.ujfGH7kp3LtVlN/gQdw7/N/4MVT.,USER,0,,,,"2026-03-21 20:01:02","2026-03-21 20:01:02"
284,사용자24-4,mopl-user-24-4@test.com,$2a$10$I10il8rAhmvJgFYYbyOxvO8hq9gJ6X5/PfHCoBlZoio6HplgZpGBG,USER,0,,,,"2026-03-21 20:01:02","2026-03-21 20:01:02"
285,사용자63-1,mopl-user-63-1@test.com,$2a$10$AlTqIK3sCPbYI9K.QUXaBOXGx2VE.dHqxcxF0RtWJa.vaL0YLoe3K,USER,0,,,,"2026-03-21 20:01:02","2026-03-21 20:01:02"
286,사용자61-1,mopl-user-61-1@test.com,$2a$10$mNXzOsKF.SDo0f0AgqUCSObABWEPz4uOPg4RllCQ8dRMZoov/pHzy,USER,0,,,,"2026-03-21 20:01:02","2026-03-21 20:01:02"
287,사용자51-2,mopl-user-51-2@test.com,$2a$10$ZPwk3MlxxLjjQnu/2CzvmuDLfCgI/0Lzl8sZYtArHXc4Ycswz8ONW,USER,0,,,,"2026-03-21 20:01:02","2026-03-21 20:01:02"
288,사용자29-3,mopl-user-29-3@test.com,$2a$10$GNLBeQUxgnwO7fI7bTw.Due/NGIvAIICpM2d7Cn8oPgi5rmhuPVyq,USER,0,,,,"2026-03-21 20:01:03","2026-03-21 20:01:03"
289,사용자82-0,mopl-user-82-0@test.com,$2a$10$r/jSA9bH8ZU7snE5xlNqWOhLIoJKJmxbkKMKn5cB77myO9JAbFvDm,USER,0,,,,"2026-03-21 20:01:03","2026-03-21 20:01:03"
290,사용자79-0,mopl-user-79-0@test.com,$2a$10$BJNA27LTRnrgqmx1bAIgnOduhBLJo5ZznZnnA.wh6Fo8M2SOMvLJu,USER,0,,,,"2026-03-21 20:01:03","2026-03-21 20:01:03"
291,사용자26-4,mopl-user-26-4@test.com,$2a$10$bitfM49.mDY99IncDd4k/.mSkOAegwdcRq8NmH/J9Up3Ot3VaO.Ky,USER,0,,,,"2026-03-21 20:01:03","2026-03-21 20:01:03"
292,사용자8-8,mopl-user-8-8@test.com,$2a$10$kNu/piQ0xPCHAwtGCiP8uOrcOEqZdGhkkz9vwVMeJr2ONaNVmiII.,USER,0,,,,"2026-03-21 20:01:03","2026-03-21 20:01:03"
293,사용자52-2,mopl-user-52-2@test.com,$2a$10$9NYjDQm9DEZhZsFRsK1XQOeqaf10PLJwKX6Y0TFgrZpEpj/fN5TO.,USER,0,,,,"2026-03-21 20:01:03","2026-03-21 20:01:03"
294,사용자18-6,mopl-user-18-6@test.com,$2a$10$6uXGJLf03BXxPD6e5Of9j.ZilwgTEsdvhuZdcvSU048jbMh9BE1Xu,USER,0,,,,"2026-03-21 20:01:03","2026-03-21 20:01:03"
295,사용자2-9,mopl-user-2-9@test.com,$2a$10$8o.h1Pk81w4LXTp1HQ.o9uROCIV2qvFe78escKr3/JduQizHWwL9e,USER,0,,,,"2026-03-21 20:01:03","2026-03-21 20:01:03"
296,사용자88-0,mopl-user-88-0@test.com,$2a$10$nA2VN0k5.5PSOvArVNUWMegcR3K.GorAo66IZkpw1N9xDDaUl.xLi,USER,0,,,,"2026-03-21 20:01:03","2026-03-21 20:01:03"
297,사용자64-1,mopl-user-64-1@test.com,$2a$10$29O2C.0zkVbAFDfrPHD9U.tcY3Wv6Fai7Vkk7JVgPm9OL.68jaNJ2,USER,0,,,,"2026-03-21 20:01:03","2026-03-21 20:01:03"
298,사용자3-9,mopl-user-3-9@test.com,$2a$10$T2TTF6bhfeEh8NjzJblZgeEq9pWaic1OTPQxXDPzqMsrM8P6NF3QG,USER,0,,,,"2026-03-21 20:01:03","2026-03-21 20:01:03"
299,사용자80-0,mopl-user-80-0@test.com,$2a$10$J/1X3u7QgiySiHZPcMBUFuCXM/if1P936EPtxqRAFhxqefoBrygjy,USER,0,,,,"2026-03-21 20:01:03","2026-03-21 20:01:03"
300,사용자36-3,mopl-user-36-3@test.com,$2a$10$XwnHE/CflajlsEMHcs/wxuOwAVbJg9fs7iFNijvc9Sl/RWsjaNSH2,USER,0,,,,"2026-03-21 20:01:04","2026-03-21 20:01:04"
301,사용자84-0,mopl-user-84-0@test.com,$2a$10$cEmCZ3soe9fdWrDUZ8Bc5uxm0ztNBn3mW7iS2X642awUyOWPXtcoO,USER,0,,,,"2026-03-21 20:01:04","2026-03-21 20:01:04"
302,사용자65-1,mopl-user-65-1@test.com,$2a$10$qo69rRIeX0kKun4RijyYoONrTpoIyOEPlVScVF6iJcZweFmeeri/e,USER,0,,,,"2026-03-21 20:01:04","2026-03-21 20:01:04"
303,사용자41-2,mopl-user-41-2@test.com,$2a$10$yFDGhqbL.qz0lrYjyZEZDecM8rAWjsNyUwe4Wxm3lHKOxNq8VAV1e,USER,0,,,,"2026-03-21 20:01:04","2026-03-21 20:01:04"
304,사용자81-0,mopl-user-81-0@test.com,$2a$10$Y.cFcguJKke8uIxYNVaLcekwQT8nBzXASP2zn6Zh8bljsjX5Xwo5q,USER,0,,,,"2026-03-21 20:01:04","2026-03-21 20:01:04"
305,사용자66-1,mopl-user-66-1@test.com,$2a$10$AoAXVWbAzMekYziXLcztk.k5.e4StWwMZY9cvt8qBZXFqlMXqb96W,USER,0,,,,"2026-03-21 20:01:04","2026-03-21 20:01:04"
306,사용자53-2,mopl-user-53-2@test.com,$2a$10$uU0bvMvn6q0pxaTMVbXfdux3D.vY6QU0b68Llw/q0Wq3Z6FFCJaVe,USER,0,,,,"2026-03-21 20:01:04","2026-03-21 20:01:04"
307,사용자43-2,mopl-user-43-2@test.com,$2a$10$WLQ/myDVTw9weh9Nyg2zgu4bIXPOSDrPEHgWSMRI/rSBNITklkFAW,USER,0,,,,"2026-03-21 20:01:04","2026-03-21 20:01:04"
308,사용자7-5,mopl-user-7-5@test.com,$2a$10$MAFo3nDYSPioY4JBzf.n8uxPTMNdSdBp.0MWY7UcfaQQAH1FsqdX.,USER,0,,,,"2026-03-21 20:01:04","2026-03-21 20:01:04"
309,사용자22-5,mopl-user-22-5@test.com,$2a$10$ofVSp0.IeEqwpcwXkqgQ3uzmxK.H5iZRb8HZ1hiFgOqAuvLsFieTS,USER,0,,,,"2026-03-21 20:01:04","2026-03-21 20:01:04"
310,사용자31-4,mopl-user-31-4@test.com,$2a$10$LlwFI3qqFQ62RvKDb4TKYeAYaj5V/8kVgvfpF1YivrSWveSSFdGLy,USER,0,,,,"2026-03-21 20:01:04","2026-03-21 20:01:04"
311,사용자38-3,mopl-user-38-3@test.com,$2a$10$dRe0gCwUYLdr4Jok63tCxu3t42Os3ivE9/iGpeRWBCSg61Usl/cNW,USER,0,,,,"2026-03-21 20:01:05","2026-03-21 20:01:05"
312,사용자86-0,mopl-user-86-0@test.com,$2a$10$/6pJfNUkv/GjgzRSbTqv2.k7jRRE2Y382mgJs7tRXeEabWtHSi05u,USER,0,,,,"2026-03-21 20:01:05","2026-03-21 20:01:05"
313,사용자10-7,mopl-user-10-7@test.com,$2a$10$qjkWusqkrV7zrZyBCdX4i.eeAPWF9jETW1LhIB/pO9zf7/UuJSJcO,USER,0,,,,"2026-03-21 20:01:05","2026-03-21 20:01:05"
314,사용자67-1,mopl-user-67-1@test.com,$2a$10$SOG.EFvQ1GQmHfYSZeJM8usjlyz4kMz/7hJHnlamgI095QzJyBJ9.,USER,0,,,,"2026-03-21 20:01:05","2026-03-21 20:01:05"
315,사용자85-0,mopl-user-85-0@test.com,$2a$10$0oWYWlFLrlJsfFMe8Wz5nuFG6qdqqimah8O9jWLPnlMdhjnDtAhHG,USER,0,,,,"2026-03-21 20:01:05","2026-03-21 20:01:05"
316,사용자14-6,mopl-user-14-6@test.com,$2a$10$OmjEel.oFo2FvX1Ku/1zj.RZZGI9WPmA1XqTdN/DXU3aUGiWYq.ha,USER,0,,,,"2026-03-21 20:01:05","2026-03-21 20:01:05"
317,사용자37-3,mopl-user-37-3@test.com,$2a$10$5DGd/vEZd9z1wpiS4alm0u8pVNYDpU..DBC1v6B0Mvgnkkm3MXzJK,USER,0,,,,"2026-03-21 20:01:05","2026-03-21 20:01:05"
318,사용자54-2,mopl-user-54-2@test.com,$2a$10$cE7MndfXOVR/q32Gm0YjUOFyVI85Qx1foZN.pa1qWRv3MhN.bk0dq,USER,0,,,,"2026-03-21 20:01:05","2026-03-21 20:01:05"
319,사용자76-0,mopl-user-76-0@test.com,$2a$10$I00xidD.MuzHme/YyV.ydeiM41c56YngIFQfnQzbTMysCsi0AQNDC,USER,0,,,,"2026-03-21 20:01:05","2026-03-21 20:01:05"
320,사용자68-1,mopl-user-68-1@test.com,$2a$10$PZBJQItWMWL61XUxxq8Zuex7X1L4yVm3.MuaqwzwsxWWSZmYuCLSy,USER,0,,,,"2026-03-21 20:01:05","2026-03-21 20:01:05"
321,사용자11-7,mopl-user-11-7@test.com,$2a$10$T7rlzIEiSe/wdio2If6SEe9sP8ybqXbA1fQJiz5awOqtq9vcKR8Y.,USER,0,,,,"2026-03-21 20:01:06","2026-03-21 20:01:06"
322,사용자6-8,mopl-user-6-8@test.com,$2a$10$5oX7mkRVVUUaJvHv.9VbJOWy3u1IyBrtWQQhXo/RrgMf9aUaeC30a,USER,0,,,,"2026-03-21 20:01:06","2026-03-21 20:01:06"
323,사용자94-0,mopl-user-94-0@test.com,$2a$10$yMFXLUAObZkDjdrdoDZMtOpf5.x4vnwpXG.xhfEw1guwXZ317L83O,USER,0,,,,"2026-03-21 20:01:06","2026-03-21 20:01:06"
324,사용자40-3,mopl-user-40-3@test.com,$2a$10$Tb/o/T3nKMI.1Ke.7uNiLuT2SfId1WkcYgizo/SnBLKMTISv2bS2O,USER,0,,,,"2026-03-21 20:01:06","2026-03-21 20:01:06"
325,사용자93-0,mopl-user-93-0@test.com,$2a$10$5mIszyWxwtrck8UHnAoEV.Zj2snfP/60UciyJUryDZ8tUJlMF4i1i,USER,0,,,,"2026-03-21 20:01:06","2026-03-21 20:01:06"
326,사용자19-6,mopl-user-19-6@test.com,$2a$10$hiTB5lapgCPuBV3yhtiX6e8/wLkVVATcckGGNiOGRHunMYmRIwhES,USER,0,,,,"2026-03-21 20:01:06","2026-03-21 20:01:06"
327,사용자12-4,mopl-user-12-4@test.com,$2a$10$km/Y1cn4beqheCiJKktol.9pcbACaPytbbY58dyW4y0uy79ZdpHce,USER,0,,,,"2026-03-21 20:01:06","2026-03-21 20:01:06"
328,사용자25-5,mopl-user-25-5@test.com,$2a$10$oxwwSJevAC0oGNfX3odwI.oXk/bsCisvjXJ6158qaQAXoC0x5C9He,USER,0,,,,"2026-03-21 20:01:06","2026-03-21 20:01:06"
329,사용자23-5,mopl-user-23-5@test.com,$2a$10$MHjGTrFoTuPqtZI2Zukf5.m9LjQ2XH08HDL20yWqIBWxoJC2MZTJa,USER,0,,,,"2026-03-21 20:01:06","2026-03-21 20:01:06"
330,사용자69-1,mopl-user-69-1@test.com,$2a$10$jXKmIP48mrtCtTF0IiYESujNV30LITpZJzlqWf7cD7U2dvRLZeI9K,USER,0,,,,"2026-03-21 20:01:06","2026-03-21 20:01:06"
331,사용자70-1,mopl-user-70-1@test.com,$2a$10$irmJDxacsVPr.OvMoMXC3edCfbkRb43xdFCIuHTp4i6xNEjYjm0Km,USER,0,,,,"2026-03-21 20:01:06","2026-03-21 20:01:06"
332,사용자72-1,mopl-user-72-1@test.com,$2a$10$8.jXbWQK/ShVyw3z6UDz2OstBQEdgDcFmqTlXdHtYWip00l/7IQSe,USER,0,,,,"2026-03-21 20:01:07","2026-03-21 20:01:07"
333,사용자96-0,mopl-user-96-0@test.com,$2a$10$7PNA1GuDs8.UA8tFBHMEseIckcq25HpseFl002F3kFZDAFvV6NlrG,USER,0,,,,"2026-03-21 20:01:07","2026-03-21 20:01:07"
334,사용자55-2,mopl-user-55-2@test.com,$2a$10$Qqtljta7QkFoydF1XE7vtuCwOnnxsQoK1Oi2csJHxBmhjMUoqDE1y,USER,0,,,,"2026-03-21 20:01:07","2026-03-21 20:01:07"
335,사용자87-0,mopl-user-87-0@test.com,$2a$10$tvZzk8eIcGqpAHE.M5suiOZiVX1RKoCMZr6qcHCpiI6siibOHJlmm,USER,0,,,,"2026-03-21 20:01:07","2026-03-21 20:01:07"
336,사용자44-2,mopl-user-44-2@test.com,$2a$10$.cSN/ztjJoFt/e3o9sJ8U.y4kk2MWQBGuylqPESb4HHNACYQKbjay,USER,0,,,,"2026-03-21 20:01:07","2026-03-21 20:01:07"
337,사용자1-10,mopl-user-1-10@test.com,$2a$10$9TKAK2VVwrxaHnF6cWeZV.P3iNUEukWlru.F5cT2spWDMz67pJNe2,USER,0,,,,"2026-03-21 20:01:07","2026-03-21 20:01:07"
338,사용자21-5,mopl-user-21-5@test.com,$2a$10$TxS2U8Eh9FszUYK8Ly4dQeSAB7EgcoVotNcSQWJ1Tr.m2BLtWbthO,USER,0,,,,"2026-03-21 20:01:07","2026-03-21 20:01:07"
339,사용자91-0,mopl-user-91-0@test.com,$2a$10$uCMBpGTGfOrCLP0KO8tKwu7Ogr3omGvnQizRzqH9NhhKzEuAB3Nl2,USER,0,,,,"2026-03-21 20:01:07","2026-03-21 20:01:07"
340,사용자5-9,mopl-user-5-9@test.com,$2a$10$QsM0QeeW2mXI9bDWHgCleu7D1p3Bi1oT3sAFrbirgAkh3VEwFR2Ta,USER,0,,,,"2026-03-21 20:01:07","2026-03-21 20:01:07"
341,사용자71-1,mopl-user-71-1@test.com,$2a$10$C8XmiwAAQlmsxREUPjKKeen/Q8/I.HXweHKtf7pXCKb/JTzsY4U5e,USER,0,,,,"2026-03-21 20:01:08","2026-03-21 20:01:08"
342,사용자39-1,mopl-user-39-1@test.com,$2a$10$r0IAIZXixAzxCMjkUwf/EuctZYZwO12yxjbCB53U8XUZRt0OPdcHe,USER,0,,,,"2026-03-21 20:01:08","2026-03-21 20:01:08"
343,사용자90-0,mopl-user-90-0@test.com,$2a$10$bR3TDCL5c1OzNuO5dRwCL.5kR2/48iDoV3tjIGb6TqDPFGeaeUwLm,USER,0,,,,"2026-03-21 20:01:08","2026-03-21 20:01:08"
344,사용자28-5,mopl-user-28-5@test.com,$2a$10$hbPbpN8mzuvpVLJjk7bP2OOIP.IXYwthb32fwSq/hLJkQ5h3nSQ1i,USER,0,,,,"2026-03-21 20:01:08","2026-03-21 20:01:08"
345,사용자16-7,mopl-user-16-7@test.com,$2a$10$/nFQdeNjS6RpGaZaBGs5R.6xI6pOjE7x9QPCySDxBR1zfZmvzC73m,USER,0,,,,"2026-03-21 20:01:08","2026-03-21 20:01:08"
346,사용자32-4,mopl-user-32-4@test.com,$2a$10$rRzxuuT/jMUJAdGCWAqruOaevbkYBF.h93y2eM38/0amNtuwd7whW,USER,0,,,,"2026-03-21 20:01:08","2026-03-21 20:01:08"
347,사용자47-1,mopl-user-47-1@test.com,$2a$10$hz9gVMX.EtWAHxZzKA9cP.svn7ND8FcVpLD4cvzluR4xZFEk2Pfiy,USER,0,,,,"2026-03-21 20:01:08","2026-03-21 20:01:08"
348,사용자56-2,mopl-user-56-2@test.com,$2a$10$WR.QOXJhga1UpZW7Kvvn0uBFl7v0eh4OQUwj5Q8VjBd/N/sn7xLyO,USER,0,,,,"2026-03-21 20:01:08","2026-03-21 20:01:08"
349,사용자95-0,mopl-user-95-0@test.com,$2a$10$CQSri9F.2hdka8URfy2dkeKtjQ281EF23EprPv4oSHgSizDkaczQW,USER,0,,,,"2026-03-21 20:01:08","2026-03-21 20:01:08"
350,사용자89-0,mopl-user-89-0@test.com,$2a$10$NOMJ07Pzp3XD6YeuvijwB.KB/S6k3tyGvEyk3UqODM2K5hGFtMH.6,USER,0,,,,"2026-03-21 20:01:08","2026-03-21 20:01:08"
351,사용자35-3,mopl-user-35-3@test.com,$2a$10$ou6XrvGGZIvnYp/rhGIm7O1o3tVWbRNvXhnX0IXwXJROt2pHKTJK.,USER,0,,,,"2026-03-21 20:01:08","2026-03-21 20:01:08"
352,사용자57-2,mopl-user-57-2@test.com,$2a$10$PoczC.IIQZpYV5f50Mp8JeKiHmEc.7XMEwAJp4.5KZXKXXD2fLHVi,USER,0,,,,"2026-03-21 20:01:09","2026-03-21 20:01:09"
353,사용자98-0,mopl-user-98-0@test.com,$2a$10$bLWdWqeoXNvvAZj8Xa.z9uecPW8Oi4mkdSM3Yi.UA/DtYr.s53dX6,USER,0,,,,"2026-03-21 20:01:09","2026-03-21 20:01:09"
354,사용자48-3,mopl-user-48-3@test.com,$2a$10$QZX6HkR.ykqPSGXX8a4AZun9iscIgeFUrfuIhkSqap4yeXPCp6PNK,USER,0,,,,"2026-03-21 20:01:09","2026-03-21 20:01:09"
355,사용자73-1,mopl-user-73-1@test.com,$2a$10$CmDiR.BrFz4RSo11G3ke.eKHXt6mNYrOYMFTuU/OgUiK8.LaIcW8C,USER,0,,,,"2026-03-21 20:01:09","2026-03-21 20:01:09"
356,사용자97-0,mopl-user-97-0@test.com,$2a$10$MXXMeBxCAwzisqklWCHfbuPdX08.GnWdMYk9n3WpYLL3.2c3/tBPG,USER,0,,,,"2026-03-21 20:01:09","2026-03-21 20:01:09"
357,사용자75-1,mopl-user-75-1@test.com,$2a$10$EKXPcqTvGbrG20JlqSj2j.FbD7Vml/gHJoDPXR6gVOuEHLvRMn7W6,USER,0,,,,"2026-03-21 20:01:09","2026-03-21 20:01:09"
358,사용자45-3,mopl-user-45-3@test.com,$2a$10$13yLbMHZ4UwfYxqp.5sY8OtOgFoXEnlBJWCi0N4wj85nQ6c/bPhLO,USER,0,,,,"2026-03-21 20:01:09","2026-03-21 20:01:09"
359,사용자59-2,mopl-user-59-2@test.com,$2a$10$ywmew4jheIGDuvZd/KDvB.uGSbKBXt7Y8OpZeXH9k.bJ.hWENrJUu,USER,0,,,,"2026-03-21 20:01:09","2026-03-21 20:01:09"
360,사용자58-2,mopl-user-58-2@test.com,$2a$10$sGI0s5NESv0d.vuFisi8QuaG558Ld8Fm/wgEhdBT6FDFG9pOG0ntW,USER,0,,,,"2026-03-21 20:01:09","2026-03-21 20:01:09"
361,사용자9-7,mopl-user-9-7@test.com,$2a$10$8/l98X.PEgkhfOeRBQtm6.7NmPEuHvU0bIEtOIpiT.96VhydrWJXy,USER,0,,,,"2026-03-21 20:01:09","2026-03-21 20:01:09"
362,사용자46-3,mopl-user-46-3@test.com,$2a$10$x/5OxnvFLC7U2Tp2GETbnOWHmcSN.9fKdzMXC1VIZi4MtAQBacM7K,USER,0,,,,"2026-03-21 20:01:10","2026-03-21 20:01:10"
363,사용자4-9,mopl-user-4-9@test.com,$2a$10$T6pL9lpP8CSJWPUU.r91ju2E59x59PMy7MkdWo3M1tBKjLXsZHUSW,USER,0,,,,"2026-03-21 20:01:10","2026-03-21 20:01:10"
364,사용자13-6,mopl-user-13-6@test.com,$2a$10$2g0PhoFZ/6ad84/QyEGjTeNSTxk9rILmJnaOV412xriFN47PMJAni,USER,0,,,,"2026-03-21 20:01:10","2026-03-21 20:01:10"
365,사용자92-0,mopl-user-92-0@test.com,$2a$10$1lTamlGLLSwHlRb0BfZqruAZ21g6uEFWQodZJ.3amHXIcEUIYlvk6,USER,0,,,,"2026-03-21 20:01:10","2026-03-21 20:01:10"
366,사용자34-4,mopl-user-34-4@test.com,$2a$10$5Z44kJ6CKnIFKX8e7yMLW.UMpYfX552lb0bGgA.WoBW4yDp7EeIKu,USER,0,,,,"2026-03-21 20:01:10","2026-03-21 20:01:10"
367,사용자78-1,mopl-user-78-1@test.com,$2a$10$XcKvvVVuYLbzPV/aeQUjI.Fqs6/gOIGVnvf60pRT7wKCG0oEBbsxO,USER,0,,,,"2026-03-21 20:01:10","2026-03-21 20:01:10"
368,사용자99-0,mopl-user-99-0@test.com,$2a$10$p9fG4w0946rOpz3/8lw4xO32NyisbN8B7iT9uBUlCawwkXEVSD6s.,USER,0,,,,"2026-03-21 20:01:10","2026-03-21 20:01:10"
369,사용자30-4,mopl-user-30-4@test.com,$2a$10$59VAv8IEJsDEO/VZVZN.UuBXprnI5cfEktYOSQxwY1YqDA/Z0Yw1e,USER,0,,,,"2026-03-21 20:01:10","2026-03-21 20:01:10"
370,사용자49-3,mopl-user-49-3@test.com,$2a$10$Tb1pIBJ6EkwnrNq4MNoBy.4SRnU/gJ0gMMEp0QGZVGEUPIQjXhfW6,USER,0,,,,"2026-03-21 20:01:10","2026-03-21 20:01:10"
371,사용자77-1,mopl-user-77-1@test.com,$2a$10$DKfTVp4uiJ7XsViyhTUKreEBE16hoJA8fh6lAZ4lO2Mtvnp1j2KOG,USER,0,,,,"2026-03-21 20:01:10","2026-03-21 20:01:10"
372,사용자100-0,mopl-user-100-0@test.com,$2a$10$aApNCoY2EyjZfgLebtLAR.8dvgXQXsUi7xDs7O90xDEQOnqPESrW.,USER,0,,,,"2026-03-21 20:01:10","2026-03-21 20:01:10"
373,사용자62-2,mopl-user-62-2@test.com,$2a$10$eWM8eM2w.N0GOjTWto6rZ.x7MIDJD7s8Yh7vO1iaXGubXzK1nQOEm,USER,0,,,,"2026-03-21 20:01:11","2026-03-21 20:01:11"
374,사용자60-2,mopl-user-60-2@test.com,$2a$10$iKENx0Z/Dl1Mt4foq4Gjhu0WswDiEMPqXoLZTxE1.bhBJiaMKUJie,USER,0,,,,"2026-03-21 20:01:11","2026-03-21 20:01:11"
375,사용자33-4,mopl-user-33-4@test.com,$2a$10$7TGt0BzeNjHozttQWcvMcODRWLj540Y2H2zKWicjO19YomAgMJLSO,USER,0,,,,"2026-03-21 20:01:11","2026-03-21 20:01:11"
376,사용자20-6,mopl-user-20-6@test.com,$2a$10$/lsgUG.gbmPM7MEESUySnOlaV4nVLdFUWMJvUpcf7SPUxW7.SyuCe,USER,0,,,,"2026-03-21 20:01:11","2026-03-21 20:01:11"
377,사용자83-1,mopl-user-83-1@test.com,$2a$10$PoyfmfODhQr8t5CYH6lb7.ix7PsLxQZMsIuQFOZy02LoVBCMeZiZe,USER,0,,,,"2026-03-21 20:01:11","2026-03-21 20:01:11"
378,사용자74-1,mopl-user-74-1@test.com,$2a$10$teeJ1P.TLiOglPhmZUV5genn3.DsfKgO7fW.JpTxlh0HkIya7mG7y,USER,0,,,,"2026-03-21 20:01:11","2026-03-21 20:01:11"
379,사용자15-8,mopl-user-15-8@test.com,$2a$10$EEENtk32x5vyHYS/0Z1.TO8oGQ2bcLY.841yDP6SMLLqLXjGkP/Ka,USER,0,,,,"2026-03-21 20:01:11","2026-03-21 20:01:11"
380,사용자27-5,mopl-user-27-5@test.com,$2a$10$mpkq4sax4CuEFrobsGNNauVk.vaYVouuHDt2bky3DZie/sDYrCbpG,USER,0,,,,"2026-03-21 20:01:11","2026-03-21 20:01:11"
381,사용자50-3,mopl-user-50-3@test.com,$2a$10$aSJM2sPQsRqyQCbC4tD.8Ocpy7d/GlbA1lEX6CHZj75Jh3awClkxq,USER,0,,,,"2026-03-21 20:01:11","2026-03-21 20:01:11"
382,사용자42-1,mopl-user-42-1@test.com,$2a$10$AO/dhO.bJ7xRo61Q1D0qw.ayq6VObYMrycI3/NgCWFDjwo46eM6jy,USER,0,,,,"2026-03-21 20:01:11","2026-03-21 20:01:11"
383,사용자24-5,mopl-user-24-5@test.com,$2a$10$8yopifvdxxjqz4qge1SL0.kCIlBggtHyq.gCJpVHNn0lU2aGtXgxW,USER,0,,,,"2026-03-21 20:01:11","2026-03-21 20:01:11"
384,사용자17-7,mopl-user-17-7@test.com,$2a$10$j/Cf2WaKsdv9PVRWJbRv5uo.L8J6esxbRgwjfZiIT7woznxEQU3nC,USER,0,,,,"2026-03-21 20:01:11","2026-03-21 20:01:11"
385,사용자63-2,mopl-user-63-2@test.com,$2a$10$L6ZrLaQqxTHtM4omOtG69ehMCfWawsyC5vut41VQ470VRkmUGndlW,USER,0,,,,"2026-03-21 20:01:11","2026-03-21 20:01:11"
386,사용자61-2,mopl-user-61-2@test.com,$2a$10$2cM9dEd8ytWnC2dM7br3rOoeEjGeifAs72dvnHcVmh5z5cuNTdnXG,USER,0,,,,"2026-03-21 20:01:12","2026-03-21 20:01:12"
387,사용자51-3,mopl-user-51-3@test.com,$2a$10$FoK0thagbII1IOtaXRl.1.tmGKERY08XqaRKuOHDVeJsMlN0Rh83e,USER,0,,,,"2026-03-21 20:01:12","2026-03-21 20:01:12"
388,사용자82-1,mopl-user-82-1@test.com,$2a$10$EOkcJzF1sIb.Wxr5xirgLeH4Az.LgQ1WnOvbo7Z0bivLg.lhwg/rO,USER,0,,,,"2026-03-21 20:01:12","2026-03-21 20:01:12"
389,사용자29-4,mopl-user-29-4@test.com,$2a$10$udee.4Iij4BW7Rzb3ZseKe36H8rNEYYqNl2t7atPFMRLX9llrddFK,USER,0,,,,"2026-03-21 20:01:12","2026-03-21 20:01:12"
390,사용자26-5,mopl-user-26-5@test.com,$2a$10$R4/WlUMVU5q.AQmPxeIPs.obfHH3cSFLmH19ZCFZTrYqHx72UZmG.,USER,0,,,,"2026-03-21 20:01:12","2026-03-21 20:01:12"
391,사용자8-9,mopl-user-8-9@test.com,$2a$10$k3fOLVA5KJ0uFWxzyu3YY.F6R.sdQ9aSEr8wV/7whur11q/OWGp9y,USER,0,,,,"2026-03-21 20:01:12","2026-03-21 20:01:12"
392,사용자18-7,mopl-user-18-7@test.com,$2a$10$0rm1WoNUdQJ2xvpUOYuJBORCOiGIH.RI7AURKWl5aXFRpRACfZCBy,USER,0,,,,"2026-03-21 20:01:12","2026-03-21 20:01:12"
393,사용자52-3,mopl-user-52-3@test.com,$2a$10$bGOzmcdIyk79FmnO3tOMFuCkyahQm3d6uHXHo0/2XxJbZx28chHBq,USER,0,,,,"2026-03-21 20:01:12","2026-03-21 20:01:12"
394,사용자79-1,mopl-user-79-1@test.com,$2a$10$VzpOXYwE6mlg0cBg/.HtAec74iy.E3HsCR/S6/aw76Ilnp2nOI0Ru,USER,0,,,,"2026-03-21 20:01:12","2026-03-21 20:01:12"
395,사용자2-10,mopl-user-2-10@test.com,$2a$10$hkljcPl1W5we/W8nIaz82e1SfuRHO5fb6/LjOjiH0H1lXSetDbKDu,USER,0,,,,"2026-03-21 20:01:13","2026-03-21 20:01:13"
396,사용자36-4,mopl-user-36-4@test.com,$2a$10$tTtZ5o8AN33w8f3uYET9cOSOu6i18J3WDNmNywrUveZP1m97YwO26,USER,0,,,,"2026-03-21 20:01:13","2026-03-21 20:01:13"
397,사용자64-2,mopl-user-64-2@test.com,$2a$10$GFTW/pvOqi5cK5XAsPtm3uBHmF4GDudhgHVuQGN4FY8AJ8qCaXjx6,USER,0,,,,"2026-03-21 20:01:13","2026-03-21 20:01:13"
398,사용자81-1,mopl-user-81-1@test.com,$2a$10$9Sc68GLeiwTLa4d9s7EH..MJs7aJfk7y1mxM07k2p3svG8yQEKPEO,USER,0,,,,"2026-03-21 20:01:13","2026-03-21 20:01:13"
399,사용자88-1,mopl-user-88-1@test.com,$2a$10$Dr8Alv4BaiHolWtrUCdh3O5skK/QYwvk9brK5mnC05JtKT5ZbyhIS,USER,0,,,,"2026-03-21 20:01:13","2026-03-21 20:01:13"
400,사용자84-1,mopl-user-84-1@test.com,$2a$10$giHXbCkqcK2vjUjIvZj7meSsZ71/pcQTE7j8zAJ0uMi057QhB0oXC,USER,0,,,,"2026-03-21 20:01:13","2026-03-21 20:01:13"
401,사용자3-10,mopl-user-3-10@test.com,$2a$10$g0Ujr.jQFtEikmB4bAWeKui4KDxy8qWMa8701V6EyfFv47GlyDt3q,USER,0,,,,"2026-03-21 20:01:13","2026-03-21 20:01:13"
402,사용자53-3,mopl-user-53-3@test.com,$2a$10$o9chj7HvVJsgfKgqObuYc.cqri70rpmFZfyV8wJfoyerlKVKVo8ba,USER,0,,,,"2026-03-21 20:01:13","2026-03-21 20:01:13"
403,사용자66-2,mopl-user-66-2@test.com,$2a$10$636XUqgqraCV6f6bzjxaxOIT73kXjkoGUGJTbKqWxLsNqgaBiFvTG,USER,0,,,,"2026-03-21 20:01:13","2026-03-21 20:01:13"
404,사용자80-1,mopl-user-80-1@test.com,$2a$10$TIm6phv.6hLhRmCez9tSW.Mdg0CHu15b3.TWP5fmvFX6FCCxhSLMy,USER,0,,,,"2026-03-21 20:01:13","2026-03-21 20:01:13"
405,사용자41-3,mopl-user-41-3@test.com,$2a$10$shFs01UZHwNF/C/04lqn7uLLYdfX9Gla9LdoodE4uWUw8WvrZUJ9G,USER,0,,,,"2026-03-21 20:01:14","2026-03-21 20:01:14"
406,사용자65-2,mopl-user-65-2@test.com,$2a$10$ZaeG/XMapA3xyzGUltqCCuquIpA.Jw9b7wouUAr41spAWMzf8INBa,USER,0,,,,"2026-03-21 20:01:14","2026-03-21 20:01:14"
407,사용자43-3,mopl-user-43-3@test.com,$2a$10$kiNurbQ/yge6QY.MOGS/0ODuEWdT6jmqnxp64YFP3bwfBmF4/ovbW,USER,0,,,,"2026-03-21 20:01:14","2026-03-21 20:01:14"
408,사용자22-6,mopl-user-22-6@test.com,$2a$10$e1QFvq3t7ZxfrjWbGs9we.F9DPfJ2zWl.35EBvic9S/iyzj0U7n.O,USER,0,,,,"2026-03-21 20:01:14","2026-03-21 20:01:14"
409,사용자31-5,mopl-user-31-5@test.com,$2a$10$YLIEVDHama/atsMB9Vb9IO4eaSnPnGEzWBQksRyJON6ksrWb3RURO,USER,0,,,,"2026-03-21 20:01:14","2026-03-21 20:01:14"
410,사용자37-4,mopl-user-37-4@test.com,$2a$10$APspeoxxx1Vw2esDIB6fvepX.kMNSyQb/FgvJcbFniEZu1VK5eAWK,USER,0,,,,"2026-03-21 20:01:14","2026-03-21 20:01:14"
411,사용자7-6,mopl-user-7-6@test.com,$2a$10$RrBUx94iO2fpq56FciL7SOWC.QBIDE.h5Ny9I5m97WG0/OUQl8Ps.,USER,0,,,,"2026-03-21 20:01:14","2026-03-21 20:01:14"
412,사용자54-3,mopl-user-54-3@test.com,$2a$10$Ge3ZX.hxxKnx2nlbH.HnqOVJ3XoaNjEuFQuQk6wOYGnrh96LsyxHq,USER,0,,,,"2026-03-21 20:01:14","2026-03-21 20:01:14"
413,사용자68-2,mopl-user-68-2@test.com,$2a$10$Ou7Q.TwVsHE2va.n6islN.XgRHsmAEGoCXdqeAYFeC9ed18r3nE6i,USER,0,,,,"2026-03-21 20:01:15","2026-03-21 20:01:15"
414,사용자11-8,mopl-user-11-8@test.com,$2a$10$pGwnCQKfeSbl3mlQg6hxZOwfG/lIevU0ktRkVvhsUqY2sgJmsZqei,USER,0,,,,"2026-03-21 20:01:15","2026-03-21 20:01:15"
415,사용자38-4,mopl-user-38-4@test.com,$2a$10$Qct5RjSp5heF0aZAN/tAKekpRLcGMbvfxpwGXyvV7vKB4iYk7YMU6,USER,0,,,,"2026-03-21 20:01:15","2026-03-21 20:01:15"
416,사용자86-1,mopl-user-86-1@test.com,$2a$10$Uf1WTJohqPOQ/HIh2lxaweufehXz1DvEMWCIaN75O7JG0TSrfA8YC,USER,0,,,,"2026-03-21 20:01:15","2026-03-21 20:01:15"
417,사용자10-8,mopl-user-10-8@test.com,$2a$10$9X5TV9WkGcrnrMSls1wQp.YMHR/M.GLrADDUQhpGCitvVS46SBfuy,USER,0,,,,"2026-03-21 20:01:15","2026-03-21 20:01:15"
418,사용자14-7,mopl-user-14-7@test.com,$2a$10$Cg51Dy0tt/8Dl8KTZ9GreOgxLgXHAVdbjjx2D5ecwlvRraHtoPF02,USER,0,,,,"2026-03-21 20:01:15","2026-03-21 20:01:15"
419,사용자67-2,mopl-user-67-2@test.com,$2a$10$V8LciOvnbgXG96/uQ678x.ad54xBU8HrNyh0vgbld9cOx0ihbcjga,USER,0,,,,"2026-03-21 20:01:15","2026-03-21 20:01:15"
420,사용자85-1,mopl-user-85-1@test.com,$2a$10$iTLPGVP7zJHp8i3WcJavsOknia/LHybUTtauKI74IQa.Nxr1vqEke,USER,0,,,,"2026-03-21 20:01:15","2026-03-21 20:01:15"
421,사용자76-1,mopl-user-76-1@test.com,$2a$10$rrpjWBLiw7qMKLKCoDhSpeQahgFL6ccFrHm1gtXwHn5GWkxC.q0yG,USER,0,,,,"2026-03-21 20:01:15","2026-03-21 20:01:15"
422,사용자94-1,mopl-user-94-1@test.com,$2a$10$d51vfojxOHRr7pi3SSD4HOk8OCteDn3Rk9RAQOuwSRA.7VNACfFh.,USER,0,,,,"2026-03-21 20:01:15","2026-03-21 20:01:15"
423,사용자6-9,mopl-user-6-9@test.com,$2a$10$FWZLVz1kFuraxd.AVFYfEuYuwk4vhaz3ZL7xdDWN1tJcF0lN5X9.i,USER,0,,,,"2026-03-21 20:01:16","2026-03-21 20:01:16"
424,사용자25-6,mopl-user-25-6@test.com,$2a$10$q.0k73QFL4OrCHk5DpHn/.8CQUlZxcdp7W59XUPUGGLvMrEEeCPfe,USER,0,,,,"2026-03-21 20:01:16","2026-03-21 20:01:16"
425,사용자12-5,mopl-user-12-5@test.com,$2a$10$cARW42Nz5KmQYcjwIlzSh.MMJqDwP69lwOnU9f0JJnyEWsH6zOZUy,USER,0,,,,"2026-03-21 20:01:16","2026-03-21 20:01:16"
426,사용자19-7,mopl-user-19-7@test.com,$2a$10$xtISlr/CsJ3fAfvacJMrxeduMBnV43PrcrlC04dBv6YOyjuMkvwTG,USER,0,,,,"2026-03-21 20:01:16","2026-03-21 20:01:16"
427,사용자40-4,mopl-user-40-4@test.com,$2a$10$HKuMP4hI51oJF5gs4FSyEet9N9F3GZ1Dt1G3R3BQ1jCRPzQRyF/v.,USER,0,,,,"2026-03-21 20:01:16","2026-03-21 20:01:16"
428,사용자69-2,mopl-user-69-2@test.com,$2a$10$li9B2YQ5Masvj0uXyAyQ0.lbAwo0zPfiJ1fWTXXfgYPfsy6UBjOTa,USER,0,,,,"2026-03-21 20:01:16","2026-03-21 20:01:16"
429,사용자93-1,mopl-user-93-1@test.com,$2a$10$wziTa/qGS3.CfjwbTVA7HeDiz.3Uo43e9Ynyi0RLqas6QDQCy6sHC,USER,0,,,,"2026-03-21 20:01:16","2026-03-21 20:01:16"
430,사용자23-6,mopl-user-23-6@test.com,$2a$10$WOIZY1aEqUTGumNB.morBOzK/yQK8iC6TvtMErSGQhMuXZiSYlCQi,USER,0,,,,"2026-03-21 20:01:16","2026-03-21 20:01:16"
431,사용자72-2,mopl-user-72-2@test.com,$2a$10$p11tLjpAfYFVa0RMQDfReul3KDKcxZkjmX6jtw.54DvTQXBGvqRgu,USER,0,,,,"2026-03-21 20:01:16","2026-03-21 20:01:16"
432,사용자44-3,mopl-user-44-3@test.com,$2a$10$Sw5b0HnWuBrJV0ticafkZ.X6WO4XKXN0OloDNxfWbfJPWEq0mDrQS,USER,0,,,,"2026-03-21 20:01:16","2026-03-21 20:01:16"
433,사용자70-2,mopl-user-70-2@test.com,$2a$10$DB0Wj.M/.r88.q68XGwMyOBLrPq6kDLxKlV7mo.Le0XnRJ/cIHP9O,USER,0,,,,"2026-03-21 20:01:16","2026-03-21 20:01:16"
434,사용자39-2,mopl-user-39-2@test.com,$2a$10$iq1PkvCBksz9lV/7Lx1AoOX0XA2yn2VngoyoMZ7lNyJqKdXbK7z9O,USER,0,,,,"2026-03-21 20:01:17","2026-03-21 20:01:17"
435,사용자90-1,mopl-user-90-1@test.com,$2a$10$LZgNRf5U4uFl0c6zUx8Fv.KMV3jU1DYG34ufqt7DH0mY.ahF4tt3C,USER,0,,,,"2026-03-21 20:01:17","2026-03-21 20:01:17"
436,사용자87-1,mopl-user-87-1@test.com,$2a$10$4CPkEdhl43rxghMVF0JTeuk0UTFKia9JVcItooDs4EZ/0p9eJzG4y,USER,0,,,,"2026-03-21 20:01:17","2026-03-21 20:01:17"
437,사용자71-2,mopl-user-71-2@test.com,$2a$10$tyi.VEp.2OJ4xCSjgubwr.v9CxP9QXjvro2t.M6HUjcYu7EvDKc5W,USER,0,,,,"2026-03-21 20:01:17","2026-03-21 20:01:17"
438,사용자91-1,mopl-user-91-1@test.com,$2a$10$j4czP9qIqWypn4fy5wCdW.ar1DEakTKKar7MiOSYaaBN3hLX1Bx4u,USER,0,,,,"2026-03-21 20:01:17","2026-03-21 20:01:17"
439,사용자5-10,mopl-user-5-10@test.com,$2a$10$8ZkIlrBhvBDcmUwF4i0z/u4k9Nv4iteAKrbpLbDAtQCnjUEHyk3Nu,USER,0,,,,"2026-03-21 20:01:17","2026-03-21 20:01:17"
440,사용자55-3,mopl-user-55-3@test.com,$2a$10$PB3Z.exL/4VTrSD0ssUy.uG7xuO5Oogdi1Yj1tyz6G4VnuildySva,USER,0,,,,"2026-03-21 20:01:17","2026-03-21 20:01:17"
441,사용자96-1,mopl-user-96-1@test.com,$2a$10$9DPCjPOCrk.83aHNVL8WnOE9h/MVc.Ig./OirVGKxLfnFx3KU4Tva,USER,0,,,,"2026-03-21 20:01:17","2026-03-21 20:01:17"
442,사용자1-11,mopl-user-1-11@test.com,$2a$10$Cje5o6xZgs8rA7Xso4ZA4OCO1yRdoocC1QdoSJy6kG3/BsKuvZ/mK,USER,0,,,,"2026-03-21 20:01:17","2026-03-21 20:01:17"
443,사용자21-6,mopl-user-21-6@test.com,$2a$10$5iYUIXqTdw2k1xEz2cBBBOG5mOGY/tso83wrdlBC04/BcEM2R5xei,USER,0,,,,"2026-03-21 20:01:17","2026-03-21 20:01:17"
444,사용자16-8,mopl-user-16-8@test.com,$2a$10$kpla7Njz9qLPtCzP0EQjDevcUDdefxQ.AvQUAC6.H9u/ad1deLR4q,USER,0,,,,"2026-03-21 20:01:17","2026-03-21 20:01:17"
445,사용자32-5,mopl-user-32-5@test.com,$2a$10$1dCPriAim7G7n5UT0pqyouywVhWHlTRVdZu9BQq3T9nwNHVb.2sne,USER,0,,,,"2026-03-21 20:01:17","2026-03-21 20:01:17"
446,사용자56-3,mopl-user-56-3@test.com,$2a$10$WknxTS9CHhbM5ZOpk/h51OQ4.EcPjuOhq1wFopRgvuXueGB6pYag.,USER,0,,,,"2026-03-21 20:01:18","2026-03-21 20:01:18"
447,사용자95-1,mopl-user-95-1@test.com,$2a$10$balccGwq4dUIrF.rUOkqDuAlL1Lfbx2LkcnES9BUX./A.ySheqrh6,USER,0,,,,"2026-03-21 20:01:18","2026-03-21 20:01:18"
448,사용자28-6,mopl-user-28-6@test.com,$2a$10$ms0WiPv2B2UP953WgMzw2OAZ/Seosoe2a3ODcBzJPRJeilxa3RdkS,USER,0,,,,"2026-03-21 20:01:18","2026-03-21 20:01:18"
449,사용자35-4,mopl-user-35-4@test.com,$2a$10$ZTokDuofFR0E3/MORzEC/u2sXIfM1oZO5D46sxeMICKzD1nOHyX0C,USER,0,,,,"2026-03-21 20:01:18","2026-03-21 20:01:18"
450,사용자47-2,mopl-user-47-2@test.com,$2a$10$j0x5IHGlT8gzPdXsnbMkOOPwUImKzZYg.mHOHR9aLmUBghyXVlybW,USER,0,,,,"2026-03-21 20:01:18","2026-03-21 20:01:18"
451,사용자89-1,mopl-user-89-1@test.com,$2a$10$PdRxqKq038mA7iS/Isf.POmDqVyJJsnOQgQgI3UBaUSfoC.NUDMx6,USER,0,,,,"2026-03-21 20:01:18","2026-03-21 20:01:18"
452,사용자98-1,mopl-user-98-1@test.com,$2a$10$qKcojEDb92Q4Ebq/02KoJePwa4GckKsk/G4g/tQxNBTAmOeAad39y,USER,0,,,,"2026-03-21 20:01:18","2026-03-21 20:01:18"
453,사용자57-3,mopl-user-57-3@test.com,$2a$10$bhGoEem.ZkuwJEAMQNMpceAxoMI3z5xYJWIoQaptNJtDqL93Cc3nm,USER,0,,,,"2026-03-21 20:01:18","2026-03-21 20:01:18"
454,사용자97-1,mopl-user-97-1@test.com,$2a$10$0Q.NcgTKO7.lfUr2JEEoh.TnWKey7kIQin/GB/tryMqPYVi.o.ZLS,USER,0,,,,"2026-03-21 20:01:18","2026-03-21 20:01:18"
455,사용자48-4,mopl-user-48-4@test.com,$2a$10$fqJuFxjnSNXp6WZivKlL8uf7W6wBPKSrzu3NoszA8.ptLrzxTGKDm,USER,0,,,,"2026-03-21 20:01:18","2026-03-21 20:01:18"
456,사용자73-2,mopl-user-73-2@test.com,$2a$10$66EDnybErg7.COy5cCeIn.ES1oOqpXghp3NHrOYpQpMLvhbqlOyCW,USER,0,,,,"2026-03-21 20:01:18","2026-03-21 20:01:18"
457,사용자75-2,mopl-user-75-2@test.com,$2a$10$VABnpMtEv2C0Ghan3WBJU.xhC.W4UplLkYCuMOwsiuarnlHCWkgUG,USER,0,,,,"2026-03-21 20:01:19","2026-03-21 20:01:19"
458,사용자59-3,mopl-user-59-3@test.com,$2a$10$5/oN1hLkrtI1SulGqbldb.q.qcfBDrdJZjr1XK/gxsV1q1IHWOMry,USER,0,,,,"2026-03-21 20:01:19","2026-03-21 20:01:19"
459,사용자58-3,mopl-user-58-3@test.com,$2a$10$zm5i8nB/aeOHv195rN7WmumUZBxD7ctIY14iXwtmHhCkvkeRXToXW,USER,0,,,,"2026-03-21 20:01:19","2026-03-21 20:01:19"
460,사용자9-8,mopl-user-9-8@test.com,$2a$10$GrG5rfcVFKS4cy5/3inGwe9vT0giXLFVpVDSPs5fpIBzBMgqkLWKi,USER,0,,,,"2026-03-21 20:01:19","2026-03-21 20:01:19"
461,사용자92-1,mopl-user-92-1@test.com,$2a$10$hw6AZxNE8koBtWrrjjkuOe4r7ndH.V01wX7d5pQlZi0DSlCc4rvTC,USER,0,,,,"2026-03-21 20:01:19","2026-03-21 20:01:19"
462,사용자46-4,mopl-user-46-4@test.com,$2a$10$R4atwqG/gDRq6q3vSxERY.fVrCK8YZlgPI6m.v6tRr3jVXFGrVYSK,USER,0,,,,"2026-03-21 20:01:19","2026-03-21 20:01:19"
463,사용자99-1,mopl-user-99-1@test.com,$2a$10$78AXY2Tx8MngqMxP2vuf2uXPrjDLEUVyP5cnFZ8p5rM4892Rp2PgO,USER,0,,,,"2026-03-21 20:01:19","2026-03-21 20:01:19"
464,사용자13-7,mopl-user-13-7@test.com,$2a$10$ko5jUCOYcyglvWEmq.W4eeVIc9yGAXbmCPxGCXzURVATKsM.aFcg.,USER,0,,,,"2026-03-21 20:01:19","2026-03-21 20:01:19"
465,사용자45-4,mopl-user-45-4@test.com,$2a$10$rS/7EO1IvzOHEsACnJ3SXuvc/A2k5hzcKRkLtTwT1wT3TBowoZ1W2,USER,0,,,,"2026-03-21 20:01:19","2026-03-21 20:01:19"
466,사용자4-10,mopl-user-4-10@test.com,$2a$10$9k3.UdUMYvPNtOzVWkMEP.CZTB5IvwdV0UnDc9SmeevgEW.iOJICy,USER,0,,,,"2026-03-21 20:01:19","2026-03-21 20:01:19"
467,사용자77-2,mopl-user-77-2@test.com,$2a$10$b62pgz/N0RcFiF8NmbxJMeq0MJAyP8ooRXYh1n3x.1Rp3YLl3PCy.,USER,0,,,,"2026-03-21 20:01:20","2026-03-21 20:01:20"
468,사용자49-4,mopl-user-49-4@test.com,$2a$10$Q5vMgiNorqhm1LK4Xs4k4OYK.LlIEoceUC6AaREJsj69mmmacCLEO,USER,0,,,,"2026-03-21 20:01:20","2026-03-21 20:01:20"
469,사용자34-5,mopl-user-34-5@test.com,$2a$10$XHbF2rjptVDBEtcjUDxUE.6gbHhsMrru8zDK6Nwyo3zicgddipZge,USER,0,,,,"2026-03-21 20:01:20","2026-03-21 20:01:20"
470,사용자78-2,mopl-user-78-2@test.com,$2a$10$Jk8WZk8xT5GQGXiZ3VaZ8uW11JsR1dBrjJko8N1mb/WAqyUxynlhq,USER,0,,,,"2026-03-21 20:01:20","2026-03-21 20:01:20"
471,사용자30-5,mopl-user-30-5@test.com,$2a$10$8Eif.UPw1A60F3TeN/WChOj4Q9TLPi0/E5SzJq1N9nSsa/9yNM5lW,USER,0,,,,"2026-03-21 20:01:20","2026-03-21 20:01:20"
472,사용자62-3,mopl-user-62-3@test.com,$2a$10$HZkSTvM98eNW7iIQYP6Ze.y0d/EZjYV3Br4FmKhHZBCm9eYTbxRAC,USER,0,,,,"2026-03-21 20:01:20","2026-03-21 20:01:20"
473,사용자100-1,mopl-user-100-1@test.com,$2a$10$rg1.JYdsajn0lQfyWBHd9.QXYySSzNhinfFyXDqJGcb0rZneujTQm,USER,0,,,,"2026-03-21 20:01:20","2026-03-21 20:01:20"
474,사용자20-7,mopl-user-20-7@test.com,$2a$10$kQd3zy4d2WyCQEPEJLISGuTfgzR8Od2mpQSkrM5VwITSUBxR7WVSi,USER,0,,,,"2026-03-21 20:01:20","2026-03-21 20:01:20"
475,사용자60-3,mopl-user-60-3@test.com,$2a$10$kRFrzfm2a7XminGmbH5Fs./zN9JFuBX6ipOneYHG7WGdAX985ZY8G,USER,0,,,,"2026-03-21 20:01:20","2026-03-21 20:01:20"
476,사용자33-5,mopl-user-33-5@test.com,$2a$10$AzwwLN3D/02LR939ijVFjum.uO3QLRVi3TkEq3/X1Y8n1QK5NziDW,USER,0,,,,"2026-03-21 20:01:20","2026-03-21 20:01:20"
477,사용자74-2,mopl-user-74-2@test.com,$2a$10$QzryMb8m6Fp6/BE7ng7K3.84Fg.fYy3vv5BiZT69Psbln/k3hqjay,USER,0,,,,"2026-03-21 20:01:21","2026-03-21 20:01:21"
478,사용자27-6,mopl-user-27-6@test.com,$2a$10$Yqeush/tyMJHDWgtyDT2R.Vu98sBwGc4.hChIhg.Qjel73yaO.d8W,USER,0,,,,"2026-03-21 20:01:21","2026-03-21 20:01:21"
479,사용자15-9,mopl-user-15-9@test.com,$2a$10$nT3UWR50kzAK./VCKLOBue.YsN4zaoXqauP4kZVyXK5ddbzbSjJg6,USER,0,,,,"2026-03-21 20:01:21","2026-03-21 20:01:21"
480,사용자24-6,mopl-user-24-6@test.com,$2a$10$iP57KTvGKx4Ea6Iko9qYXOu4jZCvmSiDnhwYI3YPVBiNi1ByF6X1S,USER,0,,,,"2026-03-21 20:01:21","2026-03-21 20:01:21"
481,사용자83-2,mopl-user-83-2@test.com,$2a$10$pBEvzvuXxV/zjngj0jiiR.i5.WjvGYTQUi8qtJWXhZsUAXt.2Ryju,USER,0,,,,"2026-03-21 20:01:21","2026-03-21 20:01:21"
482,사용자50-4,mopl-user-50-4@test.com,$2a$10$97yj.11lucnYyGE5jiiJge8E1PS6TlmrfWOJjEzYlGmOEL0njablC,USER,0,,,,"2026-03-21 20:01:21","2026-03-21 20:01:21"
483,사용자17-8,mopl-user-17-8@test.com,$2a$10$.4X4zUFdpfXr.Wq2.XapM.HKnqTerkYOTIPKeiyQaWcOAQFD2SGFm,USER,0,,,,"2026-03-21 20:01:21","2026-03-21 20:01:21"
484,사용자42-2,mopl-user-42-2@test.com,$2a$10$JF.Go2EmnKxNFF6.DlPem.5pk4H0NiS5WBQpTG9T4Yuk/8AcWXBje,USER,0,,,,"2026-03-21 20:01:21","2026-03-21 20:01:21"
485,사용자82-2,mopl-user-82-2@test.com,$2a$10$jRUDB6IfEojlxYUwceB6VuKK10ii4O9NObF32xkafgg8I8DN4fyzG,USER,0,,,,"2026-03-21 20:01:21","2026-03-21 20:01:21"
486,사용자63-3,mopl-user-63-3@test.com,$2a$10$chHh8asHyniLDKBud7zTKOpiUK7LrOIL3PUSuG6zcTOKSkm.Ncy1G,USER,0,,,,"2026-03-21 20:01:22","2026-03-21 20:01:22"
487,사용자61-3,mopl-user-61-3@test.com,$2a$10$IZ2081oRHczWUH8GuvPDGOggIip.ffgNyHIosrDcWJ2jvN8/p.Hm6,USER,0,,,,"2026-03-21 20:01:22","2026-03-21 20:01:22"
488,사용자51-4,mopl-user-51-4@test.com,$2a$10$euNWjaOb22yDwAsZG6qaI.5GdAYh6C0eyv4GTkTdr5w1BcHKb4fLG,USER,0,,,,"2026-03-21 20:01:22","2026-03-21 20:01:22"
489,사용자8-10,mopl-user-8-10@test.com,$2a$10$iDVIOVYzm2VukGhS8BFEde8OybLWjetCWZC.97xNgXBCyJYCQYJxC,USER,0,,,,"2026-03-21 20:01:22","2026-03-21 20:01:22"
490,사용자18-8,mopl-user-18-8@test.com,$2a$10$9hGeyKHJAX3jdVxspb4tMOz5ukCV0TpMnen.ZkRqPcR/UFdSpnu36,USER,0,,,,"2026-03-21 20:01:22","2026-03-21 20:01:22"
491,사용자29-5,mopl-user-29-5@test.com,$2a$10$8Mk1HVTupChxw3ruDsU/ueRLHs646tWFKAqKBWmBWT21HSKoisR/.,USER,0,,,,"2026-03-21 20:01:22","2026-03-21 20:01:22"
492,사용자52-4,mopl-user-52-4@test.com,$2a$10$gWEUntL3T7GzgDWZwejOiete0FXSxkzCPgNrtw51PRoLEVNLtL43.,USER,0,,,,"2026-03-21 20:01:22","2026-03-21 20:01:22"
493,사용자26-6,mopl-user-26-6@test.com,$2a$10$rWpnFiv0/Ywz8x6M0fLshevSothuvRtrVSdfoHamS1jY6paSTYequ,USER,0,,,,"2026-03-21 20:01:22","2026-03-21 20:01:22"
494,사용자79-2,mopl-user-79-2@test.com,$2a$10$BVejNlZ2.hLTuWRiCgPbRuHw/8fF29ZRgBqi2i22gcW8ljaF7kvAG,USER,0,,,,"2026-03-21 20:01:22","2026-03-21 20:01:22"
495,사용자2-11,mopl-user-2-11@test.com,$2a$10$WbAnYNKFlUrACLcF5bW7T.NjsFNWQ9S2dDo8W8xt5f1Hmg5XSfGR.,USER,0,,,,"2026-03-21 20:01:22","2026-03-21 20:01:22"
496,사용자36-5,mopl-user-36-5@test.com,$2a$10$dFzH1dERuGdFDITfBVZjjewGFwxXImRk2co5EWTEJenpRflXIPp/2,USER,0,,,,"2026-03-21 20:01:22","2026-03-21 20:01:22"
497,사용자64-3,mopl-user-64-3@test.com,$2a$10$wObdXIpuIp3.fl9c05w9.uzhT7AmiFV.FaXEtwxIqdqnLaS1yuqTa,USER,0,,,,"2026-03-21 20:01:22","2026-03-21 20:01:22"
498,사용자65-3,mopl-user-65-3@test.com,$2a$10$QCakllEDsQwXMs2ULI.PnOtw6KamavP/SXAh5GRFtRabeOzamz/pe,USER,0,,,,"2026-03-21 20:01:23","2026-03-21 20:01:23"
499,사용자66-3,mopl-user-66-3@test.com,$2a$10$JTUKerI1ZHrkrow9lFF6nO97Yy.8JWgkZ/IZwdycy0syTWNVb/05m,USER,0,,,,"2026-03-21 20:01:23","2026-03-21 20:01:23"
500,사용자81-2,mopl-user-81-2@test.com,$2a$10$yl//Bca00uQ8OspCZUcA.um98rywtJw8l95CIf49.Drapay7/2EUK,USER,0,,,,"2026-03-21 20:01:23","2026-03-21 20:01:23"
501,사용자41-4,mopl-user-41-4@test.com,$2a$10$lwibUU1cM.8bxM4BsS7YJubgr3idp.gRcl2VhZxgBUuFKUnY4oNEy,USER,0,,,,"2026-03-21 20:01:23","2026-03-21 20:01:23"
502,사용자88-2,mopl-user-88-2@test.com,$2a$10$gj/061XbdLUPNqaWMvvQpOxr1Z2.oydkHt7jdyWtSOCwStuHyzpWe,USER,0,,,,"2026-03-21 20:01:23","2026-03-21 20:01:23"
503,사용자84-2,mopl-user-84-2@test.com,$2a$10$elUGORVEoU6qQK/bYW3YdOZT0Jt8XZlyZFzSz2GhaSu/i8moTVAS.,USER,0,,,,"2026-03-21 20:01:23","2026-03-21 20:01:23"
504,사용자53-4,mopl-user-53-4@test.com,$2a$10$H0ZMHkMPCdSHcUVAL5.8XOSXxYV1/RjN54WVQ.I.EsTll0BjGEuiS,USER,0,,,,"2026-03-21 20:01:23","2026-03-21 20:01:23"
505,사용자80-2,mopl-user-80-2@test.com,$2a$10$dgmDLQjIhzJnovBIV9iwSuFjFFr57l3jX5aFvoQvafmUAV8VQSmaq,USER,0,,,,"2026-03-21 20:01:23","2026-03-21 20:01:23"
506,사용자43-4,mopl-user-43-4@test.com,$2a$10$F5GJ.UcojrXazHUPBLnN1eYTP5tJSuTd/0Yg2T2ytfCDmL/ojoMyG,USER,0,,,,"2026-03-21 20:01:23","2026-03-21 20:01:23"
507,사용자3-11,mopl-user-3-11@test.com,$2a$10$43NmpQaiim7DG/Oph0/AQ.JvMT.MSfN0lwb7HMuSHfuas5R2rkkMi,USER,0,,,,"2026-03-21 20:01:23","2026-03-21 20:01:23"
508,사용자22-7,mopl-user-22-7@test.com,$2a$10$smKOr2chSIbKaTOpc533i.9J1OGbNG7tLnqK7CU4ImgsraJ5WkqJi,USER,0,,,,"2026-03-21 20:01:24","2026-03-21 20:01:24"
509,사용자11-9,mopl-user-11-9@test.com,$2a$10$qHq.O4u6oSl2EBTbCigog.UKbWZAX9zTQcms9rss2/WpycUcWNopq,USER,0,,,,"2026-03-21 20:01:24","2026-03-21 20:01:24"
510,사용자54-4,mopl-user-54-4@test.com,$2a$10$lTzhX4bWQnhrg/aBtMBHh.gqZeJ/Os7ojW3PTyNuF.400tiexle.C,USER,0,,,,"2026-03-21 20:01:24","2026-03-21 20:01:24"
511,사용자68-3,mopl-user-68-3@test.com,$2a$10$oGflUBKn.9gS9p5dXntG8OdPidOT39l8m3QhgnZ/9tvq2Jk7woMGO,USER,0,,,,"2026-03-21 20:01:24","2026-03-21 20:01:24"
512,사용자37-5,mopl-user-37-5@test.com,$2a$10$y5zd5GQVmanWQN9KlYIj3etTMpvB4N5cE0PokktQaNfyM355EOZKy,USER,0,,,,"2026-03-21 20:01:24","2026-03-21 20:01:24"
513,사용자7-7,mopl-user-7-7@test.com,$2a$10$eiM9Au0F0CHonX394ggL/u51QxrrnsdvXqCculxhvq.Gxed6ayVbO,USER,0,,,,"2026-03-21 20:01:24","2026-03-21 20:01:24"
514,사용자10-9,mopl-user-10-9@test.com,$2a$10$UEALF96ryy1VkEZM0v3dUuZtmyb4Cl4RWM.BfU.SNn5cdYoJIThiW,USER,0,,,,"2026-03-21 20:01:24","2026-03-21 20:01:24"
515,사용자31-6,mopl-user-31-6@test.com,$2a$10$KFKNIvpS4lPntNYAfJurDu2t00T6deAcaYnZso2na1.2oZbHMXQdG,USER,0,,,,"2026-03-21 20:01:24","2026-03-21 20:01:24"
516,사용자86-2,mopl-user-86-2@test.com,$2a$10$tnKF97ui7IBhqKccS7/b3u7megcBmUVQYMstiZ6DX1EjjchXz.zo2,USER,0,,,,"2026-03-21 20:01:24","2026-03-21 20:01:24"
517,사용자38-5,mopl-user-38-5@test.com,$2a$10$GlGpapUsxYX77pDY1XSl4.BelkSG1KLOQCcryHTEHb6qvgVWvQHG.,USER,0,,,,"2026-03-21 20:01:24","2026-03-21 20:01:24"
518,사용자67-3,mopl-user-67-3@test.com,$2a$10$9MevdJLR.hOsnwtJIvwGW.RVJAXSbTghn1KwGMw71REaXi3SiCVNi,USER,0,,,,"2026-03-21 20:01:25","2026-03-21 20:01:25"
519,사용자76-2,mopl-user-76-2@test.com,$2a$10$J23W5V.O3PRqryBk4IDEmuNoq70/dbUbQxfaLrI4xTy2KbZH1i0He,USER,0,,,,"2026-03-21 20:01:25","2026-03-21 20:01:25"
520,사용자94-2,mopl-user-94-2@test.com,$2a$10$7oTGl4LcYyVxGy6cKv96tOIo9MxDpL3vd8qQW5eWzRQo7G1OyLQK.,USER,0,,,,"2026-03-21 20:01:25","2026-03-21 20:01:25"
521,사용자12-6,mopl-user-12-6@test.com,$2a$10$CEkksLMF7ac5q9R.8nZ0WeptxaTT7WqKJDJT31bcOoW/2rlgaxePW,USER,0,,,,"2026-03-21 20:01:25","2026-03-21 20:01:25"
522,사용자85-2,mopl-user-85-2@test.com,$2a$10$.E.xDs3PO.vRJo53in19AeXNAox7o5AwkN4YWaiS1yRAZzk/K9AnW,USER,0,,,,"2026-03-21 20:01:25","2026-03-21 20:01:25"
523,사용자14-8,mopl-user-14-8@test.com,$2a$10$lXevRVCTXINzgFiUTG.IPuCfYbhksswus51kLGLnyMyJ5Cz2cKy12,USER,0,,,,"2026-03-21 20:01:25","2026-03-21 20:01:25"
524,사용자40-5,mopl-user-40-5@test.com,$2a$10$85GsaiTeURlzmF0qZ2NnSODmhRZHmd1EDJKpRgI..pDPeu4XP40YG,USER,0,,,,"2026-03-21 20:01:25","2026-03-21 20:01:25"
525,사용자69-3,mopl-user-69-3@test.com,$2a$10$HjbDtZ5vEOEWx2qWtPdGduwTj/BrgaipAdAgEEUwe95f6QrDiAtYK,USER,0,,,,"2026-03-21 20:01:25","2026-03-21 20:01:25"
526,사용자25-7,mopl-user-25-7@test.com,$2a$10$DaSb0P.561dE.NHvFEDLme3JmdnU4p5cJIFqNyIbiFN1qKU7GSi/G,USER,0,,,,"2026-03-21 20:01:25","2026-03-21 20:01:25"
527,사용자6-10,mopl-user-6-10@test.com,$2a$10$tJJa/9erku1qMC0/pmvE5OFPaMlbWVTpATn24CZhoi1WGei4RWKAm,USER,0,,,,"2026-03-21 20:01:25","2026-03-21 20:01:25"
528,사용자19-8,mopl-user-19-8@test.com,$2a$10$wYA4e5cS2n4AlI9lvIl29uYw.UneswSv/zll/Y.ajUpC1pYxs3e5C,USER,0,,,,"2026-03-21 20:01:26","2026-03-21 20:01:26"
529,사용자93-2,mopl-user-93-2@test.com,$2a$10$guOtNxhRyzCzPUus/LGX.uKh4rV4f7vdzbRooox0uPIhzc354jFim,USER,0,,,,"2026-03-21 20:01:26","2026-03-21 20:01:26"
530,사용자44-4,mopl-user-44-4@test.com,$2a$10$ewjP1buuVLPaBYLoKan79ulsrXqQ0e.Mx3OerzWLGidQDnHGYJfGa,USER,0,,,,"2026-03-21 20:01:26","2026-03-21 20:01:26"
531,사용자70-3,mopl-user-70-3@test.com,$2a$10$YJGLsYJiS2cxhsjXZuPCh.L5MDHRt4VJ5uFRd7Y02ejE4e7/WQ7Ni,USER,0,,,,"2026-03-21 20:01:26","2026-03-21 20:01:26"
532,사용자71-3,mopl-user-71-3@test.com,$2a$10$s38b6vTptrrltEIzGX6gsu04xrbSYt4u3ix6RTIPCHANzBB6J3IeW,USER,0,,,,"2026-03-21 20:01:26","2026-03-21 20:01:26"
533,사용자23-7,mopl-user-23-7@test.com,$2a$10$PgstUtF9leGSg7fB4WwfReozO4.HCfpK91tc0ZX0/leQSAmuFOd0C,USER,0,,,,"2026-03-21 20:01:26","2026-03-21 20:01:26"
534,사용자5-11,mopl-user-5-11@test.com,$2a$10$Xp04LNchVbnEJIzSCX83Y.efbphRwIey8BMpiOVFirdT/hMBTgJVe,USER,0,,,,"2026-03-21 20:01:26","2026-03-21 20:01:26"
535,사용자72-3,mopl-user-72-3@test.com,$2a$10$1t3y7QysHPj1MwL6aeoR0.MjiWQ53Jux9MgqYKIUQH3KJhbVANvGq,USER,0,,,,"2026-03-21 20:01:26","2026-03-21 20:01:26"
536,사용자10-10,mopl-user-10-10@test.com,$2a$10$7y5S06FYdKXem7FtJ9e.8ehRS.OVJ4NOGkQmqsZBk9xe/d9GJWSCq,USER,0,,,,"2026-03-21 20:01:26","2026-03-21 20:01:26"
537,사용자39-3,mopl-user-39-3@test.com,$2a$10$mOhQj7otllKSgHBTvg.OK.3IptOVcOZP0hKTOOmmYYi1zdSG8B6IS,USER,0,,,,"2026-03-21 20:01:26","2026-03-21 20:01:26"
538,사용자96-2,mopl-user-96-2@test.com,$2a$10$DSGNsjltymTn1c9Ah854fuoqpzjO612AJn6x3Y1.uMKioM3NqR2Ky,USER,0,,,,"2026-03-21 20:01:26","2026-03-21 20:01:26"
539,사용자21-7,mopl-user-21-7@test.com,$2a$10$V.hb90Sv0l24.snwm1VAfuK5Cww9pkffFeT.HtEKfYdKFHuNzw8ji,USER,0,,,,"2026-03-21 20:01:27","2026-03-21 20:01:27"
540,사용자90-2,mopl-user-90-2@test.com,$2a$10$9jrdF0B7k7rLIP0cogpn5OoGBD8SFKF/GuIZug2gZY0nhVtMf2cM2,USER,0,,,,"2026-03-21 20:01:27","2026-03-21 20:01:27"
541,사용자91-2,mopl-user-91-2@test.com,$2a$10$69Jm/5XcS3sNhQUlbDDxhOx4Rh1GJgXuOomL3GiS5yPMDMSPnTF8.,USER,0,,,,"2026-03-21 20:01:27","2026-03-21 20:01:27"
542,사용자55-4,mopl-user-55-4@test.com,$2a$10$IvQ9kxsCMeNQ4aXCcyoUMOmunV.F4K9fuemeajDHeNENAOxHAz5Au,USER,0,,,,"2026-03-21 20:01:27","2026-03-21 20:01:27"
543,사용자16-9,mopl-user-16-9@test.com,$2a$10$bT/MLOYtfwpSHMgSio3xZO/y4knc6xgSgvIGGh4SKzQk07eq.5ybm,USER,0,,,,"2026-03-21 20:01:27","2026-03-21 20:01:27"
544,사용자1-12,mopl-user-1-12@test.com,$2a$10$1TBDYINHdZcw94f3ERkbLexGTv4.oVMLU8g4vo6/L706FVv5fMKhi,USER,0,,,,"2026-03-21 20:01:27","2026-03-21 20:01:27"
545,사용자32-6,mopl-user-32-6@test.com,$2a$10$guT/agOnWjUUDI0M76xN6OUSq66iJVcN5yLsO1Pcz5SebOP7td3kO,USER,0,,,,"2026-03-21 20:01:27","2026-03-21 20:01:27"
546,사용자95-2,mopl-user-95-2@test.com,$2a$10$CZbjSlil7qCrC2zyZpp4mOSgbmVzdcXWhPypbc4qmg9O3iyZrEZb.,USER,0,,,,"2026-03-21 20:01:27","2026-03-21 20:01:27"
547,사용자56-4,mopl-user-56-4@test.com,$2a$10$/pzHoIgZ1VIdOs66ytnjXexBQEs1S3.sRZrwE1WPaOTzTv0GuTwiC,USER,0,,,,"2026-03-21 20:01:27","2026-03-21 20:01:27"
548,사용자35-5,mopl-user-35-5@test.com,$2a$10$KnKKA47GXgv5JHxJSrsKmuRw2CuLgGqvqTfZBhTirA7wO2nDbE4mm,USER,0,,,,"2026-03-21 20:01:27","2026-03-21 20:01:27"
549,사용자89-2,mopl-user-89-2@test.com,$2a$10$OvqtZW1wMo7Pm2Lv1fYfWuJyrXER0EJXCBOVYxtK7tekvM.Dmqnbq,USER,0,,,,"2026-03-21 20:01:28","2026-03-21 20:01:28"
550,사용자47-3,mopl-user-47-3@test.com,$2a$10$orcPixTf/5S6tcar1MpSn..DWi477G.nT6VeMKe1O5czM52CTfWVO,USER,0,,,,"2026-03-21 20:01:28","2026-03-21 20:01:28"
551,사용자28-7,mopl-user-28-7@test.com,$2a$10$jMFU4.j5ZtJmEREBHzvUkOTDkd956OwS4e64htzZiW7/FeD6LCkzm,USER,0,,,,"2026-03-21 20:01:28","2026-03-21 20:01:28"
552,사용자98-2,mopl-user-98-2@test.com,$2a$10$.V28zNnDzGqlnHvNcfCCG.dYnYuM6w6DNGcoBuVVQCnFDZ3LPoLVq,USER,0,,,,"2026-03-21 20:01:28","2026-03-21 20:01:28"
553,사용자57-4,mopl-user-57-4@test.com,$2a$10$2Nw/E/EIx6DTzuZIAu3H2OaMUocGtoyuMP0d2gs71e2oIimcNgK7u,USER,0,,,,"2026-03-21 20:01:28","2026-03-21 20:01:28"
554,사용자97-2,mopl-user-97-2@test.com,$2a$10$sACY1HqsuMB0BOrEjggPlObx4hEoRsNPcd54/gt9gMxI5/IlNtkza,USER,0,,,,"2026-03-21 20:01:28","2026-03-21 20:01:28"
555,사용자75-3,mopl-user-75-3@test.com,$2a$10$vJcG1UbG6LE/A6WUf4Id5Oyd.ZTLrZIBfg8zEsEkwsph/lDB3UIVu,USER,0,,,,"2026-03-21 20:01:28","2026-03-21 20:01:28"
556,사용자73-3,mopl-user-73-3@test.com,$2a$10$kpiZ.y5qXrKfBUiS7ee0nuPMsSFnai3kDaMCpl043srlxoN8Bc5z2,USER,0,,,,"2026-03-21 20:01:28","2026-03-21 20:01:28"
557,사용자48-5,mopl-user-48-5@test.com,$2a$10$DXqxXEtcdznRoR0hJ2O9UehquJ9PzMXnnoSMb/uU.EeJIk5kFm9Ym,USER,0,,,,"2026-03-21 20:01:28","2026-03-21 20:01:28"
558,사용자46-5,mopl-user-46-5@test.com,$2a$10$XOPKlpUsngKCTxrQ4EdBb.0iB0f4q6lJkQELZ0bgxVvt9dLBEs36e,USER,0,,,,"2026-03-21 20:01:29","2026-03-21 20:01:29"
559,사용자59-4,mopl-user-59-4@test.com,$2a$10$47/.5RT8ptS3NlM8q5JAEeTusaVjhfRX3Eu5XNr6cw0iuF/0.4W/K,USER,0,,,,"2026-03-21 20:01:29","2026-03-21 20:01:29"
560,사용자9-9,mopl-user-9-9@test.com,$2a$10$YEdK3I1aa9q0sr.boE6qjOSekIQKaY/0p3./.EoZp6/KYe6i1XKbC,USER,0,,,,"2026-03-21 20:01:29","2026-03-21 20:01:29"
561,사용자92-2,mopl-user-92-2@test.com,$2a$10$Uaf8V.gQaUjvSidxcu4Bj.Wfw3gu1K4yX8vT6oirRlSbQ0HiuWqV2,USER,0,,,,"2026-03-21 20:01:29","2026-03-21 20:01:29"
562,사용자58-4,mopl-user-58-4@test.com,$2a$10$C1H3WFr9B5dllRziTvEYzu.PR9B2ztPiQ9jPmH8Glh0tGf6wrKsba,USER,0,,,,"2026-03-21 20:01:29","2026-03-21 20:01:29"
563,사용자13-8,mopl-user-13-8@test.com,$2a$10$8/AHfXBGtKLTSBLuGTnOz.cU5e5.qPWJEMOPvb3.5u2m8qIDMZ8sa,USER,0,,,,"2026-03-21 20:01:29","2026-03-21 20:01:29"
564,사용자99-2,mopl-user-99-2@test.com,$2a$10$6V7sXs3oyhPBPeB/vGLQleZBrHDdqpkriRizNrGS/pc6H8OoN9eKC,USER,0,,,,"2026-03-21 20:01:29","2026-03-21 20:01:29"
565,사용자77-3,mopl-user-77-3@test.com,$2a$10$XdUgsaRCBX.BtHPVsXGJs.9zR0/kTt952aUronPvEYMXEKgPVOpZK,USER,0,,,,"2026-03-21 20:01:29","2026-03-21 20:01:29"
566,사용자49-5,mopl-user-49-5@test.com,$2a$10$73N6V.1dtbhYlfq.FVzTBeqLy5csXGr3/4Txk4leNMSjh65elXh/6,USER,0,,,,"2026-03-21 20:01:29","2026-03-21 20:01:29"
567,사용자34-6,mopl-user-34-6@test.com,$2a$10$DX7fduxy0/N39Fh.8kICx.gXoPttmAvNSF6jpnowd11Qn1WGFglea,USER,0,,,,"2026-03-21 20:01:29","2026-03-21 20:01:29"
568,사용자45-5,mopl-user-45-5@test.com,$2a$10$FomiqhveM4Zzz9Q4f3oc8.btVH8HMIXD1LCo1Boayxm0Auo9gxBqi,USER,0,,,,"2026-03-21 20:01:29","2026-03-21 20:01:29"
569,사용자4-11,mopl-user-4-11@test.com,$2a$10$3SYMRIRsrH1ZMDBs61jKWOK56x9qe.XLgy2Cla/4D5KvtgpSmLice,USER,0,,,,"2026-03-21 20:01:29","2026-03-21 20:01:29"
570,사용자100-2,mopl-user-100-2@test.com,$2a$10$TUUhw3mlMUrWnTIT1FX3/usda7BOF4swKKFwvA4v0AA5upR.Yyoxa,USER,0,,,,"2026-03-21 20:01:30","2026-03-21 20:01:30"
571,사용자78-3,mopl-user-78-3@test.com,$2a$10$x5Ia7NxFE9YlUa9jad/0e.RPsBW9o1kam7bg0QUdW8EVr5ApbU24u,USER,0,,,,"2026-03-21 20:01:30","2026-03-21 20:01:30"
572,사용자30-6,mopl-user-30-6@test.com,$2a$10$bcaiJAMsrdMfHW3ut.Y8COseU5oskBrmAYBBc3u49xSJUo/0PP5nC,USER,0,,,,"2026-03-21 20:01:30","2026-03-21 20:01:30"
573,사용자62-4,mopl-user-62-4@test.com,$2a$10$1ze5cqnGFh1EVEbtoTfEVO507OvBSK8rl.mIwpHLrL/5gTxDw55CK,USER,0,,,,"2026-03-21 20:01:30","2026-03-21 20:01:30"
574,사용자60-4,mopl-user-60-4@test.com,$2a$10$uZ2l/N5HO/HzKBhO8qPnp.0VGUQj.y3CQ/M3.i00F16s2diB.fsaa,USER,0,,,,"2026-03-21 20:01:30","2026-03-21 20:01:30"
575,사용자74-3,mopl-user-74-3@test.com,$2a$10$ZqJIoJO3H0Sb2qeOGFEChuq1U7cceUeYzYY9duRTSZGj82HMh0tne,USER,0,,,,"2026-03-21 20:01:30","2026-03-21 20:01:30"
576,사용자24-7,mopl-user-24-7@test.com,$2a$10$qgI7GT/9g8L58DWOHQGYx.b2o.Z3oTFBtzpU7BH/0/NnkLajjfjHO,USER,0,,,,"2026-03-21 20:01:30","2026-03-21 20:01:30"
577,사용자20-8,mopl-user-20-8@test.com,$2a$10$ktV7N2N2SxJd3c7TZVr7Ne.ZOd.aqcuDEyoS6qX5YML2Rv0srqpri,USER,0,,,,"2026-03-21 20:01:30","2026-03-21 20:01:30"
578,사용자33-6,mopl-user-33-6@test.com,$2a$10$ME1P7geioTO3E3RBpC4tgeP3SRBMPKO1yiCstjyXuseabQKGKGGEq,USER,0,,,,"2026-03-21 20:01:30","2026-03-21 20:01:30"
579,사용자27-7,mopl-user-27-7@test.com,$2a$10$WyDNCeNaBxFlWCDulIxm4uNMXKTaQxC2ZegzyKHYDurVhQWiUxTtK,USER,0,,,,"2026-03-21 20:01:31","2026-03-21 20:01:31"
580,사용자83-3,mopl-user-83-3@test.com,$2a$10$KJjobzS6QAAPXhyyJEnX8.kUBaoJCiqfRZlSzc0a7cZU31Rmq2hxy,USER,0,,,,"2026-03-21 20:01:31","2026-03-21 20:01:31"
581,사용자17-9,mopl-user-17-9@test.com,$2a$10$M/8G404//ijW2Ey2B77mT.ejFhw8Jy5XHJK59rJKi31aHvhrGtsjC,USER,0,,,,"2026-03-21 20:01:31","2026-03-21 20:01:31"
582,사용자15-10,mopl-user-15-10@test.com,$2a$10$KvxZSbta3qlhC/wg3MRDuesUYVFSykSrFUHkEMc.NbkOGy.LbbJ3u,USER,0,,,,"2026-03-21 20:01:31","2026-03-21 20:01:31"
583,사용자50-5,mopl-user-50-5@test.com,$2a$10$iyniTDeFyGKA9PeUy.lJSekZzee5ZACR38LCMrqhqOyues/JYWTfi,USER,0,,,,"2026-03-21 20:01:31","2026-03-21 20:01:31"
584,사용자63-4,mopl-user-63-4@test.com,$2a$10$FlXB8JYQnaBUmhKa5dfGn.f2I5i.QWMFTKLGtyRg/EyoUL/s7mFgC,USER,0,,,,"2026-03-21 20:01:31","2026-03-21 20:01:31"
585,사용자61-4,mopl-user-61-4@test.com,$2a$10$E6xRTkt6xifo2utZv.dOPu0SQgwGWsM5zuxc9qn77vWjjlu9qWlcW,USER,0,,,,"2026-03-21 20:01:31","2026-03-21 20:01:31"
586,사용자82-3,mopl-user-82-3@test.com,$2a$10$eian5zuEr7fJhCbClnY0PumOUzmXUPD8UXpOwNyeeOU93BA.Bo9lC,USER,0,,,,"2026-03-21 20:01:31","2026-03-21 20:01:31"
587,사용자42-3,mopl-user-42-3@test.com,$2a$10$0DfTBjzyJboVOkCbteX/XuujbC6.bpd09rLWEJzHyAe6scaCWjqkS,USER,0,,,,"2026-03-21 20:01:31","2026-03-21 20:01:31"
588,사용자18-9,mopl-user-18-9@test.com,$2a$10$8mhkGyXTwT9dlrFM00NVRe4inH79v8T.4AYqDwrmbn63kEu71t.G6,USER,0,,,,"2026-03-21 20:01:31","2026-03-21 20:01:31"
589,사용자51-5,mopl-user-51-5@test.com,$2a$10$F465Q7QPpZo8sqiMEdXmleA6o4q8ZRpvPc0s7vuC3rcMeDdAj0/7W,USER,0,,,,"2026-03-21 20:01:31","2026-03-21 20:01:31"
590,사용자8-11,mopl-user-8-11@test.com,$2a$10$yrWUK7sPUbPeZRUgVSaBLuJdhXYYVM6q.HBFD0qxxfOReDzm.exMi,USER,0,,,,"2026-03-21 20:01:31","2026-03-21 20:01:31"
591,사용자52-5,mopl-user-52-5@test.com,$2a$10$q1HlJ2sXK/xrUZySZQxYYettegTxWdvN/ABjKh55bBpuV.NkiSRTq,USER,0,,,,"2026-03-21 20:01:31","2026-03-21 20:01:31"
592,사용자29-6,mopl-user-29-6@test.com,$2a$10$PMVGW9oE2UX0f1pN0IMw4ul1F9lndpa4tVrYJYSfRz63Swx5EINnO,USER,0,,,,"2026-03-21 20:01:32","2026-03-21 20:01:32"
593,사용자26-7,mopl-user-26-7@test.com,$2a$10$FxuY7eOyNFJzJoEtqU9OIeDmYqwlnPMdKN.W06uNPDEZpm9iO.3am,USER,0,,,,"2026-03-21 20:01:32","2026-03-21 20:01:32"
594,사용자36-6,mopl-user-36-6@test.com,$2a$10$ZtdA89E4USmxvVgJEbyXjuzjIaS7HJJKkagdvCEIF0T/LhnteNw7C,USER,0,,,,"2026-03-21 20:01:32","2026-03-21 20:01:32"
595,사용자79-3,mopl-user-79-3@test.com,$2a$10$6u3LO0vt/o57T6HX6T9cle0If.nWkbHL3A9sDTtFxbfCsl56Hgw0W,USER,0,,,,"2026-03-21 20:01:32","2026-03-21 20:01:32"
596,사용자2-12,mopl-user-2-12@test.com,$2a$10$ZGP9iiEVQfXQOWMk2S1jC.H5WrWSnrDCtMCRD4cciLq75HhYaUInO,USER,0,,,,"2026-03-21 20:01:32","2026-03-21 20:01:32"
597,사용자65-4,mopl-user-65-4@test.com,$2a$10$4fZIc4s4G7tdRvA87fX4feV.t4uRKgl4jz/XE3W4e/uP.ZhCLb9VK,USER,0,,,,"2026-03-21 20:01:32","2026-03-21 20:01:32"
598,사용자64-4,mopl-user-64-4@test.com,$2a$10$uqghsmUUDwc/6I9Z8CN5luJiSD7l/t6yoTSi98jRro6vfHXRW26Ya,USER,0,,,,"2026-03-21 20:01:32","2026-03-21 20:01:32"
599,사용자66-4,mopl-user-66-4@test.com,$2a$10$whKG6LVR3pE5oW0Yvi6o3ub2qk8EDAYd7uUDO8Xe5p4OFIJ95y7pK,USER,0,,,,"2026-03-21 20:01:32","2026-03-21 20:01:32"
600,사용자41-5,mopl-user-41-5@test.com,$2a$10$BCFzSj/ZdmzocxXyrvwIo.E.MDZXOc1g7vd2mI1.NJB1qfmSF8xLu,USER,0,,,,"2026-03-21 20:01:32","2026-03-21 20:01:32"
601,사용자81-3,mopl-user-81-3@test.com,$2a$10$bcdoCUBn9Pr/ULKuAZVn2Ot8OBRHmQ90GbCBZsZ7Z6TCi2urrbXWq,USER,0,,,,"2026-03-21 20:01:32","2026-03-21 20:01:32"
602,사용자88-3,mopl-user-88-3@test.com,$2a$10$3tkHKKSXq4DNH3wIi2te6OUYht5/AtPC0fB0pyqm6Xep66jtvRNUm,USER,0,,,,"2026-03-21 20:01:33","2026-03-21 20:01:33"
603,사용자84-3,mopl-user-84-3@test.com,$2a$10$U05Uqpy9zh0ME6za9.xIWuhs9r7PEtF6Kyu3Vuhd4DL9EsK1rpExS,USER,0,,,,"2026-03-21 20:01:33","2026-03-21 20:01:33"
604,사용자80-3,mopl-user-80-3@test.com,$2a$10$ZtMRbHyCrEBvLtvKx/.G8epIlD/.RQwGsDb8YENJyXlkVdOC02hae,USER,0,,,,"2026-03-21 20:01:33","2026-03-21 20:01:33"
605,사용자53-5,mopl-user-53-5@test.com,$2a$10$2hQ0eS/MYTwFwwm5.cixdOPdtlcc2vBCbDoBNguNUN1cNKQof0.jq,USER,0,,,,"2026-03-21 20:01:33","2026-03-21 20:01:33"
606,사용자43-5,mopl-user-43-5@test.com,$2a$10$BafTp5VCdLsMTEp5zr8IP.1K35MfemfpwOKAErGOCUQrQjQcTw2DO,USER,0,,,,"2026-03-21 20:01:33","2026-03-21 20:01:33"
607,사용자3-12,mopl-user-3-12@test.com,$2a$10$YTbOIITfNVlkCBHe11GiW.1K0oy9ljWns./h6xmnCK0ZtxdU8cefK,USER,0,,,,"2026-03-21 20:01:33","2026-03-21 20:01:33"
608,사용자22-8,mopl-user-22-8@test.com,$2a$10$GGQlgHmWp9Q8IUS5T20p0e5iOltAzNKu7vVL9ZR.TseQ5XXtY9pqy,USER,0,,,,"2026-03-21 20:01:33","2026-03-21 20:01:33"
609,사용자37-6,mopl-user-37-6@test.com,$2a$10$BvdormoWPsRWkGzpYZtX/.AcCvo4LV9Qd5PFKgQo8mtq1n6Pmj4uq,USER,0,,,,"2026-03-21 20:01:33","2026-03-21 20:01:33"
610,사용자54-5,mopl-user-54-5@test.com,$2a$10$QLTJs31uEctcaEkiHQXYEuvdHu4RADQ98lyfvaHVNVgoxVwcpZSFq,USER,0,,,,"2026-03-21 20:01:33","2026-03-21 20:01:33"
611,사용자68-4,mopl-user-68-4@test.com,$2a$10$0D5rOx/A5IOk27X4y/ZpN.Mhq68VOFaz83WyqRPj7c9/5f36SxBmm,USER,0,,,,"2026-03-21 20:01:33","2026-03-21 20:01:33"
612,사용자86-3,mopl-user-86-3@test.com,$2a$10$7.lU2JnvVHhAgzcktA.bGejFK5YO2mM6NIRunREj5lG6.IQx2DFDi,USER,0,,,,"2026-03-21 20:01:34","2026-03-21 20:01:34"
613,사용자38-6,mopl-user-38-6@test.com,$2a$10$vLeuKinTKjGVs382T7yKJe0ize1cbbVy2AZtfyuA3pGX1B/to41k2,USER,0,,,,"2026-03-21 20:01:34","2026-03-21 20:01:34"
614,사용자94-3,mopl-user-94-3@test.com,$2a$10$JQ7QEEcpbsDlK3tQsS94cOqka4N58kbXDFzP0sm9mXkFizZd7USYm,USER,0,,,,"2026-03-21 20:01:34","2026-03-21 20:01:34"
615,사용자11-10,mopl-user-11-10@test.com,$2a$10$07mK7ayTOVe5EJwEw7BixeO1ZUN0x9QHEc9teHZQ29XpeIfavUJ.W,USER,0,,,,"2026-03-21 20:01:34","2026-03-21 20:01:34"
616,사용자31-7,mopl-user-31-7@test.com,$2a$10$KolXPAHg2R808flrzhETzOAAr0dbxn1lVddYeH6FamIWn3ZMkMXZ6,USER,0,,,,"2026-03-21 20:01:34","2026-03-21 20:01:34"
617,사용자76-3,mopl-user-76-3@test.com,$2a$10$/hW/k/200GbShrhIrssnluSUgLp2ayb7111Occ50k/kP/54ygKSwC,USER,0,,,,"2026-03-21 20:01:34","2026-03-21 20:01:34"
618,사용자87-2,mopl-user-87-2@test.com,$2a$10$N5Y5WmcW0aUlpzCAJBYTk.ciZqcr6NyqfWvwXWu3vbGhTNR4YJzVe,USER,0,,,,"2026-03-21 20:01:34","2026-03-21 20:01:34"
619,사용자7-8,mopl-user-7-8@test.com,$2a$10$4PK3jxj2ki1Ba5Xze26P.OajHdAyn4NMRZAVy/hlurTAezvpOiPV.,USER,0,,,,"2026-03-21 20:01:34","2026-03-21 20:01:34"
620,사용자67-4,mopl-user-67-4@test.com,$2a$10$VYDbXFK3pAGFbV5hNOteT.30j9Gqr2iOjUWnJDA0mY6eNzfUu/M86,USER,0,,,,"2026-03-21 20:01:34","2026-03-21 20:01:34"
621,사용자14-9,mopl-user-14-9@test.com,$2a$10$UCHV1J0r8AZJ5PlKV34li.cRVYHp0hk2iKHNjX5rozYoZGO3Ytgui,USER,0,,,,"2026-03-21 20:01:35","2026-03-21 20:01:35"
622,사용자40-6,mopl-user-40-6@test.com,$2a$10$mRslwnJYVXFuCACY2b5AXueMwW28mn.URi2B1DUF366IxBWe54m76,USER,0,,,,"2026-03-21 20:01:35","2026-03-21 20:01:35"
623,사용자12-7,mopl-user-12-7@test.com,$2a$10$V0AHRKTRUqIu2t.fFgqXdO255kyBPj6YcbhU/RAr8foMwfZdMudxG,USER,0,,,,"2026-03-21 20:01:35","2026-03-21 20:01:35"
624,사용자85-3,mopl-user-85-3@test.com,$2a$10$FOHvEUWsVHQ./RaLEMDq7ecXb7jXEzKrqBijHG6lRjz2RepiLIqr6,USER,0,,,,"2026-03-21 20:01:35","2026-03-21 20:01:35"
625,사용자25-8,mopl-user-25-8@test.com,$2a$10$XMKSwKo4jNXiG7sRveReIuMrXB1CNt/zQ58nFa6ceopXiOf2.Ti8y,USER,0,,,,"2026-03-21 20:01:35","2026-03-21 20:01:35"
626,사용자6-11,mopl-user-6-11@test.com,$2a$10$SFxUePlNbl87UxvTJCDuKu/RUS5PXop7CosecVUHdP7OgHxNG.5RC,USER,0,,,,"2026-03-21 20:01:35","2026-03-21 20:01:35"
627,사용자69-4,mopl-user-69-4@test.com,$2a$10$xVzUi497cHpqskwBe3rV3OLDilwVPO7fvuj.lqHf4LQ9EyAPdrSa2,USER,0,,,,"2026-03-21 20:01:35","2026-03-21 20:01:35"
628,사용자19-9,mopl-user-19-9@test.com,$2a$10$t5By7Yn.aHriJ0fQqsRDIObUAMsadmDMKxAIV5NofNI80PTFUZ2Jq,USER,0,,,,"2026-03-21 20:01:35","2026-03-21 20:01:35"
629,사용자93-3,mopl-user-93-3@test.com,$2a$10$1TP/NnEicBNxeDCQjd3lIOtlqZfItVLj9reBJWRzigvthpMEnVw0e,USER,0,,,,"2026-03-21 20:01:35","2026-03-21 20:01:35"
630,사용자70-4,mopl-user-70-4@test.com,$2a$10$MtFdSOnlTJ4wQrk/YhnCOeP1VrQ4Ga7xZ6/RUFBdQllC1l5pAk7Z2,USER,0,,,,"2026-03-21 20:01:35","2026-03-21 20:01:35"
631,사용자23-8,mopl-user-23-8@test.com,$2a$10$5k2v1BlsBvg9wSkE3OW1luDDVxxfbVGkZ72IG1F0H8RwBC43llriW,USER,0,,,,"2026-03-21 20:01:35","2026-03-21 20:01:35"
632,사용자71-4,mopl-user-71-4@test.com,$2a$10$ck2aZenGXt3f17JDCexWHuCEOqfVON7fx3rfviCJNYLC5kqZwe6zy,USER,0,,,,"2026-03-21 20:01:36","2026-03-21 20:01:36"
633,사용자44-5,mopl-user-44-5@test.com,$2a$10$KL5GgkdMrpuj81ZIw4QyTuuP0i0J3pP6KcSWoNX8uFL7Xx/vEnZhm,USER,0,,,,"2026-03-21 20:01:36","2026-03-21 20:01:36"
634,사용자72-4,mopl-user-72-4@test.com,$2a$10$c4S6vh8x8EWFpvKfJiwY6.WRl1v57TeWfqmvh79rEssCpcg.voBuG,USER,0,,,,"2026-03-21 20:01:36","2026-03-21 20:01:36"
635,사용자10-11,mopl-user-10-11@test.com,$2a$10$bdTCEx/5LnCrt3r2Nz9xlepGtBCheDiz91dyzDxJMxPysS1xKhVwW,USER,0,,,,"2026-03-21 20:01:36","2026-03-21 20:01:36"
636,사용자96-3,mopl-user-96-3@test.com,$2a$10$7FYmnU/BBQqFaYagQn.9WuKNTMTfHI1XRw6znljqXbfXJDwMgHOtO,USER,0,,,,"2026-03-21 20:01:36","2026-03-21 20:01:36"
637,사용자5-12,mopl-user-5-12@test.com,$2a$10$.ygy.qf/LKSojOfol/FcAOy7.Al14b9haSp/VTZzVY43raj7fsHOG,USER,0,,,,"2026-03-21 20:01:36","2026-03-21 20:01:36"
638,사용자39-4,mopl-user-39-4@test.com,$2a$10$OEakPlTY0p.2xOOR0re/xeLzS6myyfNatCturY3SccYEJSnHXbU36,USER,0,,,,"2026-03-21 20:01:36","2026-03-21 20:01:36"
639,사용자90-3,mopl-user-90-3@test.com,$2a$10$0s1sce/vN82L2qzVHATUQe9jcvuMXB4EFXuyy/aADBpoUau1LfBCy,USER,0,,,,"2026-03-21 20:01:36","2026-03-21 20:01:36"
640,사용자91-3,mopl-user-91-3@test.com,$2a$10$b/yBOnv/eoyj4Ga8Y8/pSe2oo6hDt4DyGJO18H/7fPfnphfQlbubi,USER,0,,,,"2026-03-21 20:01:36","2026-03-21 20:01:36"
641,사용자21-8,mopl-user-21-8@test.com,$2a$10$bu75sY4MM9M0brFXCdIQX.Hn.I81v0YCddpxLhbU1e2hq.hNBvDvu,USER,0,,,,"2026-03-21 20:01:36","2026-03-21 20:01:36"
642,사용자55-5,mopl-user-55-5@test.com,$2a$10$O6JS5nHyDCBGOKR8CgjoA.syqSR4ccMFGdY7V5NsIObbDSJmhNgGO,USER,0,,,,"2026-03-21 20:01:36","2026-03-21 20:01:36"
643,사용자1-13,mopl-user-1-13@test.com,$2a$10$IuIQq7k/et2N2naC8rzj0.78tX7GylYMhQnXxP6CJyJxmzwx9hT2G,USER,0,,,,"2026-03-21 20:01:36","2026-03-21 20:01:36"
644,사용자32-7,mopl-user-32-7@test.com,$2a$10$lf2gbYTDBOgPlYuMMQeJVOI0lTMGbT2rYvBtalJ4DfZaIOoN6tB0.,USER,0,,,,"2026-03-21 20:01:36","2026-03-21 20:01:36"
645,사용자16-10,mopl-user-16-10@test.com,$2a$10$4plETPgyT91s9buGsmegDeo.scxL13Xnr6C3WHpM5xHobvldIoR9m,USER,0,,,,"2026-03-21 20:01:37","2026-03-21 20:01:37"
646,사용자56-5,mopl-user-56-5@test.com,$2a$10$QOZWb5ZjLdfavxn59m7cE.TalcGcz5BlN2rieoaHrimkTDGU.j3GO,USER,0,,,,"2026-03-21 20:01:37","2026-03-21 20:01:37"
647,사용자47-4,mopl-user-47-4@test.com,$2a$10$dceqdZDvdqsY7AeGSaBbmearlDc3z/ZfBWCKw5pM.MphTSTlxbTHy,USER,0,,,,"2026-03-21 20:01:37","2026-03-21 20:01:37"
648,사용자95-3,mopl-user-95-3@test.com,$2a$10$3tqsq1fg2wD1ebOjFevF2Oy/4ipPYjhAvBWDPH2tvcCHrxYFKLhCW,USER,0,,,,"2026-03-21 20:01:37","2026-03-21 20:01:37"
649,사용자28-8,mopl-user-28-8@test.com,$2a$10$XleAcIzbp8MsLtRT39vK0exHWG4jKbguFeDI5SAfgx3i5gXDYhsye,USER,0,,,,"2026-03-21 20:01:37","2026-03-21 20:01:37"
650,사용자35-6,mopl-user-35-6@test.com,$2a$10$Yxh88pyTimgzssjrIP94iOpQEuLYF3cfM/46pc2kNM642eN5.nez6,USER,0,,,,"2026-03-21 20:01:37","2026-03-21 20:01:37"
651,사용자98-3,mopl-user-98-3@test.com,$2a$10$GHOVEwfUoXw.ElJd0PveFePHTLEFb22uvqgIE1aOjuT0CfbPHKhaW,USER,0,,,,"2026-03-21 20:01:37","2026-03-21 20:01:37"
652,사용자57-5,mopl-user-57-5@test.com,$2a$10$q5J15OQsehv8j6JgFTerreg0a.j.4cNSd7AOJSoS40hBhD4fJQLSS,USER,0,,,,"2026-03-21 20:01:37","2026-03-21 20:01:37"
653,사용자97-3,mopl-user-97-3@test.com,$2a$10$ACZFBf/6Y8R5T5Nwx6mmb.Xj6.2iLx6IdF/gpTKa.eNjP.5bTp18G,USER,0,,,,"2026-03-21 20:01:37","2026-03-21 20:01:37"
654,사용자89-3,mopl-user-89-3@test.com,$2a$10$zexLXZlOXV3RHBIxvinsJuq/Gbp6OQ68J0YbpqyqAXVc2CChvCwnW,USER,0,,,,"2026-03-21 20:01:37","2026-03-21 20:01:37"
655,사용자75-4,mopl-user-75-4@test.com,$2a$10$eQW4yNsqiAKkwJUuahzKTOpEzEh2pWS/e6IW/wKThFKBlNj86lzDm,USER,0,,,,"2026-03-21 20:01:38","2026-03-21 20:01:38"
656,사용자48-6,mopl-user-48-6@test.com,$2a$10$9ExedwIepBqBQltrqLABMOFKTvY2cTC6oJWSbkKyTGQj0bg9OdyP2,USER,0,,,,"2026-03-21 20:01:38","2026-03-21 20:01:38"
657,사용자59-5,mopl-user-59-5@test.com,$2a$10$OHSERUfP5yX28X6JmGBuCeDeOY7nnB6E1qlgTLo4Mh9UD9rnIkQvm,USER,0,,,,"2026-03-21 20:01:38","2026-03-21 20:01:38"
658,사용자46-6,mopl-user-46-6@test.com,$2a$10$j9mSHaJZn47TRLELajdYDufbHPzCv7ZTfT5WeeLQjNDhZPrJLROWq,USER,0,,,,"2026-03-21 20:01:38","2026-03-21 20:01:38"
659,사용자73-4,mopl-user-73-4@test.com,$2a$10$j7BuUCRZRbrPWR5ZCJh08.Pb/7IXtHRmMdAm0Er816n5RrqAJ0jXO,USER,0,,,,"2026-03-21 20:01:38","2026-03-21 20:01:38"
660,사용자9-10,mopl-user-9-10@test.com,$2a$10$tQ1UQYzIABeRJ2mHRWmnTu0sZYFh0uUHo.5z6pEoSk5P8.VJ0lfEW,USER,0,,,,"2026-03-21 20:01:38","2026-03-21 20:01:38"
661,사용자92-3,mopl-user-92-3@test.com,$2a$10$/XedgDNgeAwO/P7kMtI1tOrJLCa5ytGW7I4T5Xl8VgLLt7Qz6A3ea,USER,0,,,,"2026-03-21 20:01:38","2026-03-21 20:01:38"
662,사용자58-5,mopl-user-58-5@test.com,$2a$10$IrUPqR.mEM3uGSgaqusjUu17fod.y9PFBZy7hlpTaKMI4bxhqMAnS,USER,0,,,,"2026-03-21 20:01:38","2026-03-21 20:01:38"
663,사용자13-9,mopl-user-13-9@test.com,$2a$10$3qvFB6oE66QWpk2xX8./0eCaGPiZXjjVQgKDu3GRPgwiz9EzE.cf2,USER,0,,,,"2026-03-21 20:01:38","2026-03-21 20:01:38"
664,사용자99-3,mopl-user-99-3@test.com,$2a$10$MyDuF6G/tm9o9JNLB0TeP.nzP5vnvO2lgdnUF3vegQALC4NyEqLLu,USER,0,,,,"2026-03-21 20:01:38","2026-03-21 20:01:38"
665,사용자49-6,mopl-user-49-6@test.com,$2a$10$09WkoJO88dydquR6jlWzpeddwz0Y.x2izHI99deTUjm3vDA1rJV5q,USER,0,,,,"2026-03-21 20:01:39","2026-03-21 20:01:39"
666,사용자78-4,mopl-user-78-4@test.com,$2a$10$iUykiw01Kz6tZv0bRhoBtOiXb8EZSCtGW3gWZKBS6gNw1/uOMDE1y,USER,0,,,,"2026-03-21 20:01:39","2026-03-21 20:01:39"
667,사용자30-7,mopl-user-30-7@test.com,$2a$10$N57A8TqZPdKcpr0fmVomAuuWgJM39N4QB718VJNyyaeMbdC6og7Ra,USER,0,,,,"2026-03-21 20:01:39","2026-03-21 20:01:39"
668,사용자77-4,mopl-user-77-4@test.com,$2a$10$1piPx6qpkdXTd9Tuh4vpjeYuVyNaxJm9chCzQcB8cuTr5trzKNud.,USER,0,,,,"2026-03-21 20:01:39","2026-03-21 20:01:39"
669,사용자45-6,mopl-user-45-6@test.com,$2a$10$KvTCRiuq/84wgddT91iaWuK.2mJtQQDVhd7Nn8tXvVnMWM1NuJClG,USER,0,,,,"2026-03-21 20:01:39","2026-03-21 20:01:39"
670,사용자34-7,mopl-user-34-7@test.com,$2a$10$/jaKshFTUyHFCvwDcVkBZOFImYXb5X8AmDg5v0jnVrlbTM.QFEvem,USER,0,,,,"2026-03-21 20:01:39","2026-03-21 20:01:39"
671,사용자4-12,mopl-user-4-12@test.com,$2a$10$iCUE.pq1wR4HFA/EuFH6cOmeRYZOutm3V0caBqH4WNGMKm9kZzBDW,USER,0,,,,"2026-03-21 20:01:39","2026-03-21 20:01:39"
672,사용자100-3,mopl-user-100-3@test.com,$2a$10$6lKqUzOk.NGKh9QptI3jw.d4beJcyWvw/rc3qMYGWCbrr2QC5I4Wa,USER,0,,,,"2026-03-21 20:01:39","2026-03-21 20:01:39"
673,사용자62-5,mopl-user-62-5@test.com,$2a$10$TT5NWA69qJle7mv4Pxrw4uBLiXCqRb12ZumPLifGz.d1gOym7stxa,USER,0,,,,"2026-03-21 20:01:39","2026-03-21 20:01:39"
674,사용자60-5,mopl-user-60-5@test.com,$2a$10$jaiXISwofv/mzuat/8B2tuMtE6ceEgoUjs3mtE9jb8Rm9fgWJxRvu,USER,0,,,,"2026-03-21 20:01:39","2026-03-21 20:01:39"
675,사용자33-7,mopl-user-33-7@test.com,$2a$10$u4M5Ksuc0VcrQvIRoGjOY.R8vB8wHFCLpUTWCaczh8paQgRK/A0ti,USER,0,,,,"2026-03-21 20:01:40","2026-03-21 20:01:40"
676,사용자74-4,mopl-user-74-4@test.com,$2a$10$0NnpSR04fovPn.TIHXjKG.MXHIfMbI.2c9b86fBBseDsxfAs.CeRK,USER,0,,,,"2026-03-21 20:01:40","2026-03-21 20:01:40"
677,사용자20-9,mopl-user-20-9@test.com,$2a$10$i9ReP.dU6qSz2j1iy80cQuu8BTS5l5aQXDX65m2C39Uc91ZsZ6Lp2,USER,0,,,,"2026-03-21 20:01:40","2026-03-21 20:01:40"
678,사용자24-8,mopl-user-24-8@test.com,$2a$10$fiX4EmSqb5TYzYCZopLWt.weoaKDbxuOs5B4Cc4jIKULYox16.oU6,USER,0,,,,"2026-03-21 20:01:40","2026-03-21 20:01:40"
679,사용자17-10,mopl-user-17-10@test.com,$2a$10$Lyl1nKkb9KLuIm54F9ech.P2tOLtU1KDWwfXEZx7T5tKEZigju0Km,USER,0,,,,"2026-03-21 20:01:40","2026-03-21 20:01:40"
680,사용자27-8,mopl-user-27-8@test.com,$2a$10$JEu/onpDm4zueAKHgd.ZQe9hiaRzpkpFXTpfK0N44NJF4a3ILMXyy,USER,0,,,,"2026-03-21 20:01:40","2026-03-21 20:01:40"
681,사용자83-4,mopl-user-83-4@test.com,$2a$10$pzPyGqG6.p2sEOQ0Y.BgguuHMNb05JFZM3c2wpHV3AGew5ag0oWQa,USER,0,,,,"2026-03-21 20:01:40","2026-03-21 20:01:40"
682,사용자15-11,mopl-user-15-11@test.com,$2a$10$E08h7Kl0PknlkuT0NK6TTeFHcfhm9KkZeiAb6QVnwMmj3JxG6CE7a,USER,0,,,,"2026-03-21 20:01:40","2026-03-21 20:01:40"
683,사용자63-5,mopl-user-63-5@test.com,$2a$10$GCnO.Fjch2N1jzoTmt80iOMW4Wwi//1KRECWVS3Tc52m/ZQ/hXQ8C,USER,0,,,,"2026-03-21 20:01:40","2026-03-21 20:01:40"
684,사용자50-6,mopl-user-50-6@test.com,$2a$10$6FSmYGubsk53d0ieROpJb.08Jr7mZjhx0.62hxZ9/B3V3OPODXI0i,USER,0,,,,"2026-03-21 20:01:40","2026-03-21 20:01:40"
685,사용자82-4,mopl-user-82-4@test.com,$2a$10$CQf/7YzHCDFZULncSvT2TO7q/6bsOSJIdcJo9rcOiby3LzKEYPk52,USER,0,,,,"2026-03-21 20:01:41","2026-03-21 20:01:41"
686,사용자42-4,mopl-user-42-4@test.com,$2a$10$hlgy8ae0Bnv5lfz8Wj4S1./ZglSmJmgmRFIutqRkSoNYwIDa7rhXu,USER,0,,,,"2026-03-21 20:01:41","2026-03-21 20:01:41"
687,사용자61-5,mopl-user-61-5@test.com,$2a$10$QebaWg4dUw2iZ4Yr4CPzDOY.unnryGiEbFeYcULxV3rV4aZ0t8WhW,USER,0,,,,"2026-03-21 20:01:41","2026-03-21 20:01:41"
688,사용자18-10,mopl-user-18-10@test.com,$2a$10$o4ASub4HRxZK5FHot4Jx6edgSSNFCVHhnEvsBpzdF18LF6HSyUvXu,USER,0,,,,"2026-03-21 20:01:41","2026-03-21 20:01:41"
689,사용자51-6,mopl-user-51-6@test.com,$2a$10$6xcyLulHpIjdrJYtUiGWOel8CH/JjPbtRKGABsxG2jwDf/vfWoG8i,USER,0,,,,"2026-03-21 20:01:41","2026-03-21 20:01:41"
690,사용자8-12,mopl-user-8-12@test.com,$2a$10$tQtY0/MWnVDqr8WCYfZWHOFbR1jwEYQQxjowMHg3rd5fUZRi8jKRC,USER,0,,,,"2026-03-21 20:01:41","2026-03-21 20:01:41"
691,사용자52-6,mopl-user-52-6@test.com,$2a$10$JsTFBe8Iq9uM10VH3fyZeehqs8YkD0ztzhXH4po8x0mhphtah6V5a,USER,0,,,,"2026-03-21 20:01:41","2026-03-21 20:01:41"
692,사용자29-7,mopl-user-29-7@test.com,$2a$10$2mlrjbHxIIsTQNAqJLy9Bet8I2M2.9j2kgoqLzoa/agLFsI3HOCRi,USER,0,,,,"2026-03-21 20:01:41","2026-03-21 20:01:41"
693,사용자36-7,mopl-user-36-7@test.com,$2a$10$fTVLr4fCGPRjU67nQJaS0ujaY1i6H7S2mmI05VWQUhdPZqOho/Uim,USER,0,,,,"2026-03-21 20:01:41","2026-03-21 20:01:41"
694,사용자26-8,mopl-user-26-8@test.com,$2a$10$GvzSh90MvTaFIJm5a6GgPubeCmLxyjVPVx98t6i8I4DLX8b.OYcIO,USER,0,,,,"2026-03-21 20:01:42","2026-03-21 20:01:42"
695,사용자65-5,mopl-user-65-5@test.com,$2a$10$SsvYzSNHL9P2TqHrH5F2uu3OiV07j8whCRGA/Gb5e7z6URPU1zXpe,USER,0,,,,"2026-03-21 20:01:42","2026-03-21 20:01:42"
696,사용자2-13,mopl-user-2-13@test.com,$2a$10$UmaTCcBZMlkOo3q/ZMp4sudj/BdRLfJgx3pIzjdiIRVJrymnkAyc2,USER,0,,,,"2026-03-21 20:01:42","2026-03-21 20:01:42"
697,사용자79-4,mopl-user-79-4@test.com,$2a$10$ERbqn/t47SiTHBPIO1PrQ./VY2HHu9Vk55YtJztqFt2mPFg3io28m,USER,0,,,,"2026-03-21 20:01:42","2026-03-21 20:01:42"
698,사용자64-5,mopl-user-64-5@test.com,$2a$10$pOXSvbrdSqKAziEcDDlYn.RezeBEX3F1xWO77CKx5g/ickts05byi,USER,0,,,,"2026-03-21 20:01:42","2026-03-21 20:01:42"
699,사용자66-5,mopl-user-66-5@test.com,$2a$10$owfpFt.fYpDbxdCx58fkEOsI2v98HekAqdhUa7SReA80JIeLIeB6u,USER,0,,,,"2026-03-21 20:01:42","2026-03-21 20:01:42"
700,사용자81-4,mopl-user-81-4@test.com,$2a$10$OELPPCpzbUD7KZ/r8eEStudtKdkJBKe5C5eI8mY6avCH7XnTZQjC.,USER,0,,,,"2026-03-21 20:01:42","2026-03-21 20:01:42"
701,사용자88-4,mopl-user-88-4@test.com,$2a$10$ysq5wW8sxz986hlGQ9d9qOz6VRrfENhN.ooFsyQW69btZ00G.Bipu,USER,0,,,,"2026-03-21 20:01:42","2026-03-21 20:01:42"
702,사용자41-6,mopl-user-41-6@test.com,$2a$10$QfVgXMZDiEWnTAkb4.fvjuTnjx2h/CBjzM7Qh.5RKhv0b9y8MsJbS,USER,0,,,,"2026-03-21 20:01:42","2026-03-21 20:01:42"
703,사용자84-4,mopl-user-84-4@test.com,$2a$10$dSTR321T4WxOcOsmAW3RvOgm2DBA6rkDiY6IfsgIuBHIK5.RnFN5O,USER,0,,,,"2026-03-21 20:01:42","2026-03-21 20:01:42"
704,사용자80-4,mopl-user-80-4@test.com,$2a$10$HdHqMjzEA3W7tGQekfjWieRQtws94FziafqfgAz9uO9UWYs1XlCZu,USER,0,,,,"2026-03-21 20:01:42","2026-03-21 20:01:42"
705,사용자54-6,mopl-user-54-6@test.com,$2a$10$piJmmhB/T78UyX16JfesOuPFKFcJKJqPrkjgy8QpiCrUyRbcqGbZu,USER,0,,,,"2026-03-21 20:01:43","2026-03-21 20:01:43"
706,사용자43-6,mopl-user-43-6@test.com,$2a$10$mCaF/iQylCXzN98djAG7hOglTkjzYcQuTAxyn3fTev6JsH/.kshna,USER,0,,,,"2026-03-21 20:01:43","2026-03-21 20:01:43"
707,사용자53-6,mopl-user-53-6@test.com,$2a$10$3enkUf4DQ3wtBe/WVz/uPOv50sl6uOQE3JFS/69M9seh3hqhmXE2S,USER,0,,,,"2026-03-21 20:01:43","2026-03-21 20:01:43"
708,사용자94-4,mopl-user-94-4@test.com,$2a$10$wD882YQvV2.LS7oBjUgw8.u9Q6h.7POWaWPKHtY6nO/Ah92BP61ni,USER,0,,,,"2026-03-21 20:01:43","2026-03-21 20:01:43"
709,사용자3-13,mopl-user-3-13@test.com,$2a$10$kdnHc84jgu84WkZyKDhwR.dvom0cqEIKrj6RcP75j94HXEK2pg2F.,USER,0,,,,"2026-03-21 20:01:43","2026-03-21 20:01:43"
710,사용자22-9,mopl-user-22-9@test.com,$2a$10$xmz25lMBWdLgMjMyb0keCOWP1WVXlpvgkr0ASzKOt4wvrYG9v3bem,USER,0,,,,"2026-03-21 20:01:43","2026-03-21 20:01:43"
711,사용자37-7,mopl-user-37-7@test.com,$2a$10$ECjy8WxmoVfiOqjmvzgzUugQWEvV8nGsGTwrnYwLLXRfLPY7P6N4q,USER,0,,,,"2026-03-21 20:01:43","2026-03-21 20:01:43"
712,사용자68-5,mopl-user-68-5@test.com,$2a$10$Q/KtJ30ydtOFRDCI0dIFx.rAAZt34V1FxOVU3yHy5yfH5prrhI7YW,USER,0,,,,"2026-03-21 20:01:43","2026-03-21 20:01:43"
713,사용자38-7,mopl-user-38-7@test.com,$2a$10$qCmemKbBGNPqBBgItQ1VZ.aV//Jkjo4u6OrcHAPf1uC/By4TMb0OC,USER,0,,,,"2026-03-21 20:01:43","2026-03-21 20:01:43"
714,사용자86-4,mopl-user-86-4@test.com,$2a$10$8SMxkt291wPcdxE5p6QfmuVTAdwb7s6z/doEOqRdVbW4ajHMtlbk2,USER,0,,,,"2026-03-21 20:01:43","2026-03-21 20:01:43"
715,사용자11-11,mopl-user-11-11@test.com,$2a$10$OJmHeMEBPR7V9jynFQn6i.Oz37l.sevVsh0rt91uqZUxOPxNwfs.i,USER,0,,,,"2026-03-21 20:01:44","2026-03-21 20:01:44"
716,사용자7-9,mopl-user-7-9@test.com,$2a$10$AdweH.LiZOBAMpN.LkRR8OGoFgOxcGQdTZDEjWAjbC5E3h.LSgS9i,USER,0,,,,"2026-03-21 20:01:44","2026-03-21 20:01:44"
717,사용자14-10,mopl-user-14-10@test.com,$2a$10$kGzW1V7PK2IPavJRbxQ7ju2jqvmU1X.ry5ukGdfynIFBY3hmr81AK,USER,0,,,,"2026-03-21 20:01:44","2026-03-21 20:01:44"
718,사용자87-3,mopl-user-87-3@test.com,$2a$10$V3x0TseYcGPBwOeh5TCKnOlnS0nY7ti3eqpxadIM0JYMr5sx9ibSG,USER,0,,,,"2026-03-21 20:01:44","2026-03-21 20:01:44"
719,사용자31-8,mopl-user-31-8@test.com,$2a$10$/oLywl4d/FJSkVZhMzLQgeRcsRwlG6CSX3pkQwnFEbs/Mixwmhoqm,USER,0,,,,"2026-03-21 20:01:44","2026-03-21 20:01:44"
720,사용자76-4,mopl-user-76-4@test.com,$2a$10$18fKsYXWQNSLeM0SZBv./eO8DKzP8HEdhc6x.OsPeLktj0s3vN6nS,USER,0,,,,"2026-03-21 20:01:44","2026-03-21 20:01:44"
721,사용자67-5,mopl-user-67-5@test.com,$2a$10$XVJcPUUh4cjUa4PnqE/yVuGdlTs9Jm.rmW4n8s6lnHEPBEUuxvHca,USER,0,,,,"2026-03-21 20:01:44","2026-03-21 20:01:44"
722,사용자40-7,mopl-user-40-7@test.com,$2a$10$4Huj9F5.J7/aCKRMmrtW/ulSHmX/DFlhHYcYuH/GDygCHpRvGyKR2,USER,0,,,,"2026-03-21 20:01:44","2026-03-21 20:01:44"
723,사용자12-8,mopl-user-12-8@test.com,$2a$10$VvNFJlC1Yc4PldIJaJgKiucBdTRsbXO/cJuwOAu9o992k4tlVBoou,USER,0,,,,"2026-03-21 20:01:44","2026-03-21 20:01:44"
724,사용자25-9,mopl-user-25-9@test.com,$2a$10$sZTKhhNU7BKfuPgEikco5eUfaoRlOxOZRrlkg/l/tIyutsLOxO4uK,USER,0,,,,"2026-03-21 20:01:44","2026-03-21 20:01:44"
725,사용자6-12,mopl-user-6-12@test.com,$2a$10$1Hjv3AX4zpmBXiRg1CY/5O6wkXgMZg5h1FIru8AhQd1yAUxKUDD3K,USER,0,,,,"2026-03-21 20:01:45","2026-03-21 20:01:45"
726,사용자93-4,mopl-user-93-4@test.com,$2a$10$l3/t9K9LT2JxKNW4kBP57eIkLuWZzlIFhSB4ra9V8hcbsQZTR9pPe,USER,0,,,,"2026-03-21 20:01:45","2026-03-21 20:01:45"
727,사용자19-10,mopl-user-19-10@test.com,$2a$10$No3qAyUn0dWln6bFJh2pSuOSjQYKZgilVZrcJGt05nVvK2sMZNxWW,USER,0,,,,"2026-03-21 20:01:45","2026-03-21 20:01:45"
728,사용자23-9,mopl-user-23-9@test.com,$2a$10$5aefzrhVsHmWkBiTpL5dMOhggQLiGLiNpPvZ01HYdM27XQth3Uzn.,USER,0,,,,"2026-03-21 20:01:45","2026-03-21 20:01:45"
729,사용자85-4,mopl-user-85-4@test.com,$2a$10$FMnm8t6YsD11osoKZfto3.JJWh0K.g4KyYFrxt1T/tUnQyfZ42c9.,USER,0,,,,"2026-03-21 20:01:45","2026-03-21 20:01:45"
730,사용자71-5,mopl-user-71-5@test.com,$2a$10$xEgZhvlRM05tIVGiG.XWn.XBM6Iis9gZgdZ4mIH8MPLsZZbWQ3NHC,USER,0,,,,"2026-03-21 20:01:45","2026-03-21 20:01:45"
731,사용자70-5,mopl-user-70-5@test.com,$2a$10$GhbZE31uahDK6YW683tB5.SGuJY.D8K9TLJ/3v0bUEtPoKT5LbFkW,USER,0,,,,"2026-03-21 20:01:45","2026-03-21 20:01:45"
732,사용자69-5,mopl-user-69-5@test.com,$2a$10$gjNmr1RMPNarJVtunz8KsO1cQOFA7G8nDzikW.HsHQHIRIn4oCGlO,USER,0,,,,"2026-03-21 20:01:45","2026-03-21 20:01:45"
733,사용자44-6,mopl-user-44-6@test.com,$2a$10$yZ44x7AaebySFaPYF/Io7.vEqSOavbYrHZ/zEh.AEuDiLUbJ9YYLm,USER,0,,,,"2026-03-21 20:01:45","2026-03-21 20:01:45"
734,사용자72-5,mopl-user-72-5@test.com,$2a$10$5.ShjNQbOYlhjQnIz2wuP.5n.PIhG/dBwNguPJsnAkSVOAcOrKONS,USER,0,,,,"2026-03-21 20:01:45","2026-03-21 20:01:45"
735,사용자39-5,mopl-user-39-5@test.com,$2a$10$8gqmXjEcr2HSqgVjnQuRv.gehpeFdKaIJTzfN8Jzs2jrDAn6DlD6K,USER,0,,,,"2026-03-21 20:01:46","2026-03-21 20:01:46"
736,사용자5-13,mopl-user-5-13@test.com,$2a$10$mY/GMHIKh8GWKRchW/eS8uo2MwZjK5ilnq0KAA8UTJQ60YCefz8Aa,USER,0,,,,"2026-03-21 20:01:46","2026-03-21 20:01:46"
737,사용자21-9,mopl-user-21-9@test.com,$2a$10$ZmQzfgfdfV/CI8oOC7yn5.ArjmaPjc4CpcTB52BnCT6RdX0fmXykC,USER,0,,,,"2026-03-21 20:01:46","2026-03-21 20:01:46"
738,사용자96-4,mopl-user-96-4@test.com,$2a$10$VLe4clvQ67v//.8Sf0WvEuYSDVqva85cGdtETxY3zCTnUoMy30.VW,USER,0,,,,"2026-03-21 20:01:46","2026-03-21 20:01:46"
739,사용자10-12,mopl-user-10-12@test.com,$2a$10$PxxZR6mjqHL/skg0BoCbNO59lJBRI0GargR3EeEho2fwN31rq1LlO,USER,0,,,,"2026-03-21 20:01:46","2026-03-21 20:01:46"
740,사용자1-14,mopl-user-1-14@test.com,$2a$10$fHvJh9.e7iNR9AJbU1HXxuSeRe.VaXTdxivcj1LvROcQq6ZG48PA.,USER,0,,,,"2026-03-21 20:01:46","2026-03-21 20:01:46"
741,사용자90-4,mopl-user-90-4@test.com,$2a$10$A0weJ9gf9OiOFmQ8evDw1.yX39KYin8OINq25Ipq1hNTNcqu95/pi,USER,0,,,,"2026-03-21 20:01:46","2026-03-21 20:01:46"
742,사용자55-6,mopl-user-55-6@test.com,$2a$10$egFFo15vtw86ZeSCoQ6qWOd8XnKr9kOYfNxBqqsl9FOV/kGdn9Hl.,USER,0,,,,"2026-03-21 20:01:46","2026-03-21 20:01:46"
743,사용자16-11,mopl-user-16-11@test.com,$2a$10$3yEyX.2v5sOmwlq4Vz8cBesn1pkxe68BjNTtUoOnaAid5p59GnJ9S,USER,0,,,,"2026-03-21 20:01:46","2026-03-21 20:01:46"
744,사용자47-5,mopl-user-47-5@test.com,$2a$10$LtSGh0fptQoYDu1Bp4dsVeENNcJA2aU9sDPkL2VJvfzTaukx1YDga,USER,0,,,,"2026-03-21 20:01:46","2026-03-21 20:01:46"
745,사용자57-6,mopl-user-57-6@test.com,$2a$10$Z00bNe5Gl97Z7R9oXmdCEO.LzzmXK4/NCGdqHKwghmxloU3EU6rdO,USER,0,,,,"2026-03-21 20:01:46","2026-03-21 20:01:46"
746,사용자91-4,mopl-user-91-4@test.com,$2a$10$IM3TS0FWcKxhcT70ZKDOVu9AZmZ8iWGNmqws08lBt/WM0GfzrSXSy,USER,0,,,,"2026-03-21 20:01:46","2026-03-21 20:01:46"
747,사용자32-8,mopl-user-32-8@test.com,$2a$10$Iuu..4AHzGYfDbrS4EwyPO/XxBsM3RQO7q5XiCM4YnkzUgLZIi1dq,USER,0,,,,"2026-03-21 20:01:47","2026-03-21 20:01:47"
748,사용자28-9,mopl-user-28-9@test.com,$2a$10$5Yo6JlU0XVk7ku1ToG2/auTJMNDiY55Asoz.Z44FtbHJk0i6hMAh6,USER,0,,,,"2026-03-21 20:01:47","2026-03-21 20:01:47"
749,사용자35-7,mopl-user-35-7@test.com,$2a$10$4JbqYTShDWDigZntn2LyeOzQeYdZu3hFlV2fKQrIg9SsZ0QDrQzTm,USER,0,,,,"2026-03-21 20:01:47","2026-03-21 20:01:47"
750,사용자98-4,mopl-user-98-4@test.com,$2a$10$IsDa9mfA6a7wRYupQ5Q2auGC87Kg/HW1sjE3GNLJD2pq4v9EbOQRi,USER,0,,,,"2026-03-21 20:01:47","2026-03-21 20:01:47"
751,사용자56-6,mopl-user-56-6@test.com,$2a$10$uOp2HEp0u8Mv9NPoFCA/9OWgTDyWnpAZHEY4dIQoG/TuSnBcpLUCG,USER,0,,,,"2026-03-21 20:01:47","2026-03-21 20:01:47"
752,사용자73-5,mopl-user-73-5@test.com,$2a$10$ce4FGy0OT05WKkHHVdJJrOKPAwGEaelNunO21q7F9m7IYZhozb3m6,USER,0,,,,"2026-03-21 20:01:47","2026-03-21 20:01:47"
753,사용자95-4,mopl-user-95-4@test.com,$2a$10$yysh0Ekz64a78ZkZtqQOVunTE9DbALMGiiFDr7LkYQ7TiaMdVKF/C,USER,0,,,,"2026-03-21 20:01:47","2026-03-21 20:01:47"
754,사용자59-6,mopl-user-59-6@test.com,$2a$10$sjc.K6GMuxUR8ypJ78YQ.eIsChyXKAKuId7I/yBtpAWCkeyBS2p9u,USER,0,,,,"2026-03-21 20:01:47","2026-03-21 20:01:47"
755,사용자97-4,mopl-user-97-4@test.com,$2a$10$643rHCDA5eESkBuroUeJc.EFs0l0GC.Kp9GtGlytrFMPMynZeIggm,USER,0,,,,"2026-03-21 20:01:48","2026-03-21 20:01:48"
756,사용자99-4,mopl-user-99-4@test.com,$2a$10$6CmhC4I52uF0cl/QC.vqtuPc0JhFvFyQv2kxWDCny6dZmB8IbnAVC,USER,0,,,,"2026-03-21 20:01:48","2026-03-21 20:01:48"
757,사용자89-4,mopl-user-89-4@test.com,$2a$10$dWK6ztDklAmt0or6Ha7s5.wd8GaKiaCmsHQwqFj1U6CjWuh.JZdzG,USER,0,,,,"2026-03-21 20:01:48","2026-03-21 20:01:48"
758,사용자58-6,mopl-user-58-6@test.com,$2a$10$3Z5MtLKs/KBm/u6LBRE3huSgd30l4tNqtx0yJTegPvFL3L4Y6OH7K,USER,0,,,,"2026-03-21 20:01:48","2026-03-21 20:01:48"
759,사용자48-7,mopl-user-48-7@test.com,$2a$10$R4g5LVHV8JUb.5G0Lj/E6e0E5HOKpKCEUrrVr6tC6J.g/f8Iu11j.,USER,0,,,,"2026-03-21 20:01:48","2026-03-21 20:01:48"
760,사용자75-5,mopl-user-75-5@test.com,$2a$10$9Z3y.u0NQ1wCBsZ5AN6YgOk2VwyByfsNa1dquB6fPTUw3UteLh/z6,USER,0,,,,"2026-03-21 20:01:48","2026-03-21 20:01:48"
761,사용자46-7,mopl-user-46-7@test.com,$2a$10$62fTAbfj4ATiJhc77DaQl./isP/oBU4BWZ0e7TBRsp1krk5rh4/RS,USER,0,,,,"2026-03-21 20:01:48","2026-03-21 20:01:48"
762,사용자92-4,mopl-user-92-4@test.com,$2a$10$bFA3TgPJpTbZ1cVYaIQt.ezHpeHByvHhtTkNqzDTJbkF5isGZyQiS,USER,0,,,,"2026-03-21 20:01:48","2026-03-21 20:01:48"
763,사용자13-10,mopl-user-13-10@test.com,$2a$10$vH22BykJKiVJ.lp5evCSouOftPfsCcDas7hXa0y3ijw9AUCv0BL3G,USER,0,,,,"2026-03-21 20:01:48","2026-03-21 20:01:48"
764,사용자9-11,mopl-user-9-11@test.com,$2a$10$33Dj3mBxXh3fLjwNaB0IWefFlf//bp0lAZvUlUThjOxgvOW9aAiOG,USER,0,,,,"2026-03-21 20:01:48","2026-03-21 20:01:48"
765,사용자49-7,mopl-user-49-7@test.com,$2a$10$pHGxevZOhzadD.7iqLJoKeJu/eB4XlD9/PLgbWeqTx1opRiQ8aRLi,USER,0,,,,"2026-03-21 20:01:48","2026-03-21 20:01:48"
766,사용자77-5,mopl-user-77-5@test.com,$2a$10$8kUGRFKJzzJtPeLjH8MtROXDdolvXYiOJ7xrJvvwO6fB4LsiZKfCq,USER,0,,,,"2026-03-21 20:01:48","2026-03-21 20:01:48"
767,사용자78-5,mopl-user-78-5@test.com,$2a$10$yqk6vbXJnqeqQvw2ivzlqewKW5MEEKGG7F0L2vcUGAvT.AmyzUF7.,USER,0,,,,"2026-03-21 20:01:48","2026-03-21 20:01:48"
768,사용자30-8,mopl-user-30-8@test.com,$2a$10$PA9j/2x3YrWddavYhMKMn.FHrkv4CMC5LMr6MZ1r7UUULdtI6.nRq,USER,0,,,,"2026-03-21 20:01:49","2026-03-21 20:01:49"
769,사용자4-13,mopl-user-4-13@test.com,$2a$10$kInGNkdBaJGIYPoqWji4BeF58msCX0pav.T0MsJioQcwB5FScf1RW,USER,0,,,,"2026-03-21 20:01:49","2026-03-21 20:01:49"
770,사용자45-7,mopl-user-45-7@test.com,$2a$10$tTyliVO1rtPpQMcySFbgUeBNqoiXGfLRVW5i6DqITNqVCQ34Ex9PW,USER,0,,,,"2026-03-21 20:01:49","2026-03-21 20:01:49"
771,사용자74-5,mopl-user-74-5@test.com,$2a$10$nrIfJkKR/HosYBwDTziM8.B/9ou2hlwgcC2NQ.jZBRjjwrxrgF/kC,USER,0,,,,"2026-03-21 20:01:49","2026-03-21 20:01:49"
772,사용자24-9,mopl-user-24-9@test.com,$2a$10$1h8bqYbSCaUozGj.xxas8OFYL0A78bkdqVzWQjeDRdIXbEwfDmuqm,USER,0,,,,"2026-03-21 20:01:49","2026-03-21 20:01:49"
773,사용자27-9,mopl-user-27-9@test.com,$2a$10$ITjDAPlgmgId6fdHf5tUneSCaB7xTw2intZ2Pa64tPuKeSb/IaqPW,USER,0,,,,"2026-03-21 20:01:49","2026-03-21 20:01:49"
774,사용자34-8,mopl-user-34-8@test.com,$2a$10$jw0tLjikmi9ZRK33DiEQvOFfKTIgzqk1pBSsiGZu8ldC8B998pLvu,USER,0,,,,"2026-03-21 20:01:49","2026-03-21 20:01:49"
775,사용자100-4,mopl-user-100-4@test.com,$2a$10$IdJvE9IDP0hufoXc5sZOXecC3PTj2Me/J1N0JxH1LYIxrXdWiqB9q,USER,0,,,,"2026-03-21 20:01:49","2026-03-21 20:01:49"
776,사용자62-6,mopl-user-62-6@test.com,$2a$10$5xI/UcfrIvAOsrhWs4i1RecC6B/aJTgrM8g8qIYYYio3m6EJ9fJjy,USER,0,,,,"2026-03-21 20:01:49","2026-03-21 20:01:49"
777,사용자83-5,mopl-user-83-5@test.com,$2a$10$y0gnqNd7iIj7VXlNxdchOua3vffXLtsObkWQay.hHO5ezr7b/7HsC,USER,0,,,,"2026-03-21 20:01:50","2026-03-21 20:01:50"
778,사용자60-6,mopl-user-60-6@test.com,$2a$10$ztR9cDyzgVn0xlpyf.OYMeyC4fem64gh1YACmgm7lbfzoqwSyU0wW,USER,0,,,,"2026-03-21 20:01:50","2026-03-21 20:01:50"
779,사용자33-8,mopl-user-33-8@test.com,$2a$10$Z.SbvEtWkhCvHGJqwKQZUOOqGa7smO9IoekMTklkaA1Pu8jNorHIq,USER,0,,,,"2026-03-21 20:01:50","2026-03-21 20:01:50"
780,사용자20-10,mopl-user-20-10@test.com,$2a$10$xTGcGqYMWkXyoSvoLkCsxO78vMxFTttL2RrJv.q71KboLmzjYCe3.,USER,0,,,,"2026-03-21 20:01:50","2026-03-21 20:01:50"
781,사용자50-7,mopl-user-50-7@test.com,$2a$10$tcsCj9FaLUTlE1hyUWKuYuEDI6X0TxbQZxNtS4agemoigukcaAacu,USER,0,,,,"2026-03-21 20:01:50","2026-03-21 20:01:50"
782,사용자63-6,mopl-user-63-6@test.com,$2a$10$hWJr6mcwQ.5NZ4qh2GHNceSAImztX6EYUGlm.KKXjSrCJUdNKsdmG,USER,0,,,,"2026-03-21 20:01:50","2026-03-21 20:01:50"
783,사용자15-12,mopl-user-15-12@test.com,$2a$10$48RLbkGl4PYmtRRXzfIbq.0p9YjUTnZ0AJIJ3vZlZ8jVKyARzrSDa,USER,0,,,,"2026-03-21 20:01:50","2026-03-21 20:01:50"
784,사용자17-11,mopl-user-17-11@test.com,$2a$10$14rzeFnS.ATKmieur9d7c.PluZ.FegRMT8CUdDhMOVYm9rHCPqVB.,USER,0,,,,"2026-03-21 20:01:50","2026-03-21 20:01:50"
785,사용자82-5,mopl-user-82-5@test.com,$2a$10$mb2QaNkNKlEET7MHGnwUDOnfc6V7bKMwJId9uQ.rqXNNOMgc1bIc2,USER,0,,,,"2026-03-21 20:01:50","2026-03-21 20:01:50"
786,사용자42-5,mopl-user-42-5@test.com,$2a$10$x0OhgZKgR.t4QBQU0bOedu.SLKE5PCMwa7foD6C5XqsKV8Qjc/yh.,USER,0,,,,"2026-03-21 20:01:50","2026-03-21 20:01:50"
787,사용자29-8,mopl-user-29-8@test.com,$2a$10$bine6X6N5HtnjU/j2X09MeIQV4rT4YdzBrsVMAiXU5L2pVE13FTQq,USER,0,,,,"2026-03-21 20:01:50","2026-03-21 20:01:50"
788,사용자61-6,mopl-user-61-6@test.com,$2a$10$3JG0fwPGYge6gUzbrB/V3.vOXXvwCbjKxtwZIIRDMgOfxmYjW4Cwi,USER,0,,,,"2026-03-21 20:01:51","2026-03-21 20:01:51"
789,사용자8-13,mopl-user-8-13@test.com,$2a$10$22drlZakfW0JF4S8ipHjPedsFsiphxXhyWBU0NpEVKdmV8cpyzpCe,USER,0,,,,"2026-03-21 20:01:51","2026-03-21 20:01:51"
790,사용자51-7,mopl-user-51-7@test.com,$2a$10$RcfS5elHFV7KboW5d4GuI.OamtmTb9AzpuhlALFdYZO5dfbR67Pr2,USER,0,,,,"2026-03-21 20:01:51","2026-03-21 20:01:51"
791,사용자18-11,mopl-user-18-11@test.com,$2a$10$AJGLHzOBUgKxh/.mMP.gfOYBoFuYdLnjh1qcw263geXTctpk8nsPW,USER,0,,,,"2026-03-21 20:01:51","2026-03-21 20:01:51"
792,사용자52-7,mopl-user-52-7@test.com,$2a$10$xqYDphQTKQXxXxF9i90JkuvznhxdTAqQCXWYvs77XFxomXFzettjy,USER,0,,,,"2026-03-21 20:01:51","2026-03-21 20:01:51"
793,사용자65-6,mopl-user-65-6@test.com,$2a$10$V78ObNKxSHU4k8JUyn9o0uNIwwwGb6FkbVcWXjA4dGC22wvhpGzU2,USER,0,,,,"2026-03-21 20:01:51","2026-03-21 20:01:51"
794,사용자26-9,mopl-user-26-9@test.com,$2a$10$.F04ghfVlW.6CWabnbl0weRzk1h0ySALhPgDK5ehZOaXhz4YA8cSW,USER,0,,,,"2026-03-21 20:01:51","2026-03-21 20:01:51"
795,사용자36-8,mopl-user-36-8@test.com,$2a$10$USY44IPP.91.0x2tTir.Z.NzD/yhNg6YLTMNMvVeV0.3tao1j3m3a,USER,0,,,,"2026-03-21 20:01:51","2026-03-21 20:01:51"
796,사용자64-6,mopl-user-64-6@test.com,$2a$10$JJpZ5MMOj9XuklSodJqZaebG8xJQP/J5aCPZOkIdp4EK9JPLGcELW,USER,0,,,,"2026-03-21 20:01:51","2026-03-21 20:01:51"
797,사용자66-6,mopl-user-66-6@test.com,$2a$10$TXUmSwO7bfpRcJhAOs/Kz.8FX7qqE1nA/cROpRmd9fBOd9WQu6Gqe,USER,0,,,,"2026-03-21 20:01:51","2026-03-21 20:01:51"
798,사용자2-14,mopl-user-2-14@test.com,$2a$10$Ye.wmBE5poc2XrINgSjvCevuTa69ZIYCb8g5niL3c/5c02dHiUDVa,USER,0,,,,"2026-03-21 20:01:51","2026-03-21 20:01:51"
799,사용자79-5,mopl-user-79-5@test.com,$2a$10$930DzZrn03VHvlEcF/2B1.bsVduLjjaOtb3pdvaQ./8DRdRvdpR9e,USER,0,,,,"2026-03-21 20:01:51","2026-03-21 20:01:51"
800,사용자81-5,mopl-user-81-5@test.com,$2a$10$lnymeHbXyA7AvnoPGw51i.bJbm4aWIEo38CbjUvIyaUdWJ4SbiaYS,USER,0,,,,"2026-03-21 20:01:52","2026-03-21 20:01:52"
801,사용자41-7,mopl-user-41-7@test.com,$2a$10$DkPdUhhaHmCSHGJ38QiE9emBu8dvtyhEG3nurzuxywIbogFJFJWBK,USER,0,,,,"2026-03-21 20:01:52","2026-03-21 20:01:52"
802,사용자88-5,mopl-user-88-5@test.com,$2a$10$vkrkCZoAUB8qMTnNXYJ.2uhryapGPJ1xwgtQDwk13/F9AhFYTtrwe,USER,0,,,,"2026-03-21 20:01:52","2026-03-21 20:01:52"
803,사용자80-5,mopl-user-80-5@test.com,$2a$10$mLjPbViMOTWMbOqlIFg4qeAdgNSzEqZGLPUhvNjnaW/2rGI16qeky,USER,0,,,,"2026-03-21 20:01:52","2026-03-21 20:01:52"
804,사용자54-7,mopl-user-54-7@test.com,$2a$10$XmnuD03BOVpNbnGMVfWyW.6707wula0UgGB6lJRsb0g0uee1bgXde,USER,0,,,,"2026-03-21 20:01:52","2026-03-21 20:01:52"
805,사용자94-5,mopl-user-94-5@test.com,$2a$10$f8tg6WO0bJOXee/C37E1LeOPxGsHcGanJw9HBK7eQJ4cThkKNt0vW,USER,0,,,,"2026-03-21 20:01:52","2026-03-21 20:01:52"
806,사용자84-5,mopl-user-84-5@test.com,$2a$10$t1w9XLYgncsVv4KCXA7YD.C3b64DNylxsQuvBnusaIV6eiQRRUWYO,USER,0,,,,"2026-03-21 20:01:52","2026-03-21 20:01:52"
807,사용자53-7,mopl-user-53-7@test.com,$2a$10$feCxOqn/zGjGehxlIpnbMucMaiouHE7VuU.LOCuUGvItTA3lpYhuu,USER,0,,,,"2026-03-21 20:01:52","2026-03-21 20:01:52"
808,사용자22-10,mopl-user-22-10@test.com,$2a$10$oo9QE2eZJdfLvDl.CgmlNe9syBxoJhB3IlN7F2pRVj/kbY2K/oto2,USER,0,,,,"2026-03-21 20:01:52","2026-03-21 20:01:52"
809,사용자43-7,mopl-user-43-7@test.com,$2a$10$ac/wy0Ye8sny8JCMDQv/wudcqDwcWXBZ7bbH9p9jFFzxOhiWv4GK6,USER,0,,,,"2026-03-21 20:01:53","2026-03-21 20:01:53"
810,사용자68-6,mopl-user-68-6@test.com,$2a$10$rcKbUNs.VOGnran4COGLgucfZPQUtCS8fX.xVrrn7tMJZL2EKMbEe,USER,0,,,,"2026-03-21 20:01:53","2026-03-21 20:01:53"
811,사용자11-12,mopl-user-11-12@test.com,$2a$10$cQWhleKZidQNyD4l7jlmieEA/UAoIs9datk1fxH5aMLwlOqZZBfku,USER,0,,,,"2026-03-21 20:01:53","2026-03-21 20:01:53"
812,사용자37-8,mopl-user-37-8@test.com,$2a$10$TOVX.0Q4SIVOimf8FyP17ebw/KBPl/z7Pdk5Tywc1rxGG299ghGsW,USER,0,,,,"2026-03-21 20:01:53","2026-03-21 20:01:53"
813,사용자3-14,mopl-user-3-14@test.com,$2a$10$ALca9c6NxPAKY1kFMD786.KMjy/w5fiPUupPDypxsESpYUjeuEvm6,USER,0,,,,"2026-03-21 20:01:53","2026-03-21 20:01:53"
814,사용자14-11,mopl-user-14-11@test.com,$2a$10$Y4K7QsrqaDO7WBosXMEDh.IwdF22JG150B5CWrQbBSVQgbI4ZqD5u,USER,0,,,,"2026-03-21 20:01:53","2026-03-21 20:01:53"
815,사용자7-10,mopl-user-7-10@test.com,$2a$10$hubDMZp1X4PdSGFJM5SpKepO3nbLJd9xjhgeNMCicCqfYcMiUGM9q,USER,0,,,,"2026-03-21 20:01:53","2026-03-21 20:01:53"
816,사용자23-10,mopl-user-23-10@test.com,$2a$10$IXP1G9kAbCLhodS/wkAVXeQSql9hFWzsIDmNmBncpNwNqI4YiEXKu,USER,0,,,,"2026-03-21 20:01:53","2026-03-21 20:01:53"
817,사용자38-8,mopl-user-38-8@test.com,$2a$10$imTjSKakYVDRBRsmsrQPa.y.rpwx0R0rZzYqRDw3y9qhIlhoGZfQe,USER,0,,,,"2026-03-21 20:01:53","2026-03-21 20:01:53"
818,사용자86-5,mopl-user-86-5@test.com,$2a$10$A.4nFPOs5yEVFHana8u0H.nYVzES6Uz0v2H7JzUML.4HGpivfe.8W,USER,0,,,,"2026-03-21 20:01:53","2026-03-21 20:01:53"
819,사용자76-5,mopl-user-76-5@test.com,$2a$10$ykPIB0TxR7WcWFNaPxETAuBNV07Jf1ep2Q8l30sxX42IIY/TaAnl6,USER,0,,,,"2026-03-21 20:01:54","2026-03-21 20:01:54"
820,사용자67-6,mopl-user-67-6@test.com,$2a$10$tUHmIBZwuyOIhNkJNu8tqOPzksorPsgejK5RkI9WnR7h05ZhP.3fi,USER,0,,,,"2026-03-21 20:01:54","2026-03-21 20:01:54"
821,사용자25-10,mopl-user-25-10@test.com,$2a$10$rBaOQBoeJ/Un41O5CoupwegRuSoysINYmnZSkNgc9/aWFm2ZSMuPy,USER,0,,,,"2026-03-21 20:01:54","2026-03-21 20:01:54"
822,사용자85-5,mopl-user-85-5@test.com,$2a$10$mKPvVE5CQaG1EwacbO342.3DcETSfHjZWQCrf3vFAh45YbsxtUcsC,USER,0,,,,"2026-03-21 20:01:54","2026-03-21 20:01:54"
823,사용자40-8,mopl-user-40-8@test.com,$2a$10$.zrOtxX/lywEtjGVGMQGVOqGg1EtPe6a2Jf/RsmXHw5DGlxiYTsta,USER,0,,,,"2026-03-21 20:01:54","2026-03-21 20:01:54"
824,사용자31-9,mopl-user-31-9@test.com,$2a$10$WylPRrg/JBTApwqudnAwLeSe1A5oxax/eKTKNnObr0zNiVHmeotOC,USER,0,,,,"2026-03-21 20:01:54","2026-03-21 20:01:54"
825,사용자87-4,mopl-user-87-4@test.com,$2a$10$VZehlFXD8RE42MIH5NNNjOa8eEXgoInCuFjmj5zwmiLfbwYYj4YFK,USER,0,,,,"2026-03-21 20:01:54","2026-03-21 20:01:54"
826,사용자12-9,mopl-user-12-9@test.com,$2a$10$lPkDIoyaHOQOTq3ng3EpMeytLehvCieUVLxUhuZvfZvpGwpXMgj3O,USER,0,,,,"2026-03-21 20:01:54","2026-03-21 20:01:54"
827,사용자93-5,mopl-user-93-5@test.com,$2a$10$edLk.yMnV4142USr0YOoQeFCghOMORqQMhQhjI56hJHQS6aIMfCd.,USER,0,,,,"2026-03-21 20:01:54","2026-03-21 20:01:54"
828,사용자6-13,mopl-user-6-13@test.com,$2a$10$Bhp6bCg/UrlZ2jiC0VhdYOhGWcXsAsNgAfFQVgjLklhEh/60ECtbS,USER,0,,,,"2026-03-21 20:01:54","2026-03-21 20:01:54"
829,사용자5-14,mopl-user-5-14@test.com,$2a$10$SiS7TsOwpHz4iMXR3YbRnOiqMrAmltn54blkEm7X6yaKu7uNeev8e,USER,0,,,,"2026-03-21 20:01:55","2026-03-21 20:01:55"
830,사용자19-11,mopl-user-19-11@test.com,$2a$10$piNYmjnm8riOXanSJcUqv.szqTm9qaDvNLLxqIpNkWcvVhTCKEzCK,USER,0,,,,"2026-03-21 20:01:55","2026-03-21 20:01:55"
831,사용자96-5,mopl-user-96-5@test.com,$2a$10$6ZAYBTxSxATapfqBic0t2uBhaVztBWtgMubELfMG6ecfpzFVLzjia,USER,0,,,,"2026-03-21 20:01:55","2026-03-21 20:01:55"
832,사용자21-10,mopl-user-21-10@test.com,$2a$10$PfjMasppBVq5kVtPiuNipO1cyhpsZA/Ecaayq.e0jJv5VnB/cShHu,USER,0,,,,"2026-03-21 20:01:55","2026-03-21 20:01:55"
833,사용자70-6,mopl-user-70-6@test.com,$2a$10$OAWAV3ulS4C300A24JkgKeM.icGNHbZ7F3pJ32HRZtlc1ZljEQvsK,USER,0,,,,"2026-03-21 20:01:55","2026-03-21 20:01:55"
834,사용자71-6,mopl-user-71-6@test.com,$2a$10$WrTmNNi2yP3Ab65kn4dGUeBHSBLyi07ac55iXprDfW2O/gmWEo4Ji,USER,0,,,,"2026-03-21 20:01:55","2026-03-21 20:01:55"
835,사용자44-7,mopl-user-44-7@test.com,$2a$10$G8zg6qSeMgRXJ8c/IorAHepZL4TgjkowbXCUvmJonlNNvfMA4kBTe,USER,0,,,,"2026-03-21 20:01:55","2026-03-21 20:01:55"
836,사용자69-6,mopl-user-69-6@test.com,$2a$10$LXR9IPN5kpdnNPSL71pPpuC4rZUAqHtlRWOoYonTVEGiiw4Mv40T.,USER,0,,,,"2026-03-21 20:01:55","2026-03-21 20:01:55"
837,사용자72-6,mopl-user-72-6@test.com,$2a$10$ShpU3v/EJbOMsnIGkRWNReZtBXIipyH4LwAudUgj4F82BW54kdf3i,USER,0,,,,"2026-03-21 20:01:55","2026-03-21 20:01:55"
838,사용자39-6,mopl-user-39-6@test.com,$2a$10$tzI2ExZpNY0NKX2c.Bm8geR64MSD3JqJ2FxrImvFbJaLH06OkRp6i,USER,0,,,,"2026-03-21 20:01:55","2026-03-21 20:01:55"
839,사용자1-15,mopl-user-1-15@test.com,$2a$10$6fT/CUo7j2TDn7yGJFhWbuQi/56jV1TLaxxTI40/Bzgyk/yr.lDA2,USER,0,,,,"2026-03-21 20:01:56","2026-03-21 20:01:56"
840,사용자10-13,mopl-user-10-13@test.com,$2a$10$34g.0gWRMTJTP7US3Pg6j.ZgtiUPRnS8zB1K/Cw6kbBauMCh0R/.e,USER,0,,,,"2026-03-21 20:01:56","2026-03-21 20:01:56"
841,사용자55-7,mopl-user-55-7@test.com,$2a$10$P47PCrvZiiihUUvDtFBf4e/H5Vj45c4rfsRKPXZqcshpx3IdMtSfe,USER,0,,,,"2026-03-21 20:01:56","2026-03-21 20:01:56"
842,사용자16-12,mopl-user-16-12@test.com,$2a$10$6QasGOIcle9sunbIC/WO/.f4hVEjFUMIEYasoTeaPH1ihVifSluoa,USER,0,,,,"2026-03-21 20:01:56","2026-03-21 20:01:56"
843,사용자90-5,mopl-user-90-5@test.com,$2a$10$QnabOZb5kBVv09xeW6QR6ug1U3JTmyrCANcBG2N51onJSvYbMKGHe,USER,0,,,,"2026-03-21 20:01:56","2026-03-21 20:01:56"
844,사용자57-7,mopl-user-57-7@test.com,$2a$10$wcCqyjBv/8s2ylGOTlhLuOyH/OiVeFw/LOKFJpxWZqGoe54OkDiy2,USER,0,,,,"2026-03-21 20:01:56","2026-03-21 20:01:56"
845,사용자91-5,mopl-user-91-5@test.com,$2a$10$o.pr54Gja00EvA1ESD7m2eZfPbbEimWaT3JvMzZGPSN1BCw4yZT9K,USER,0,,,,"2026-03-21 20:01:56","2026-03-21 20:01:56"
846,사용자47-6,mopl-user-47-6@test.com,$2a$10$MmKY9WEjgPhbU7V/oHKz../0tionZdeU6Cqa2VAaNx0Gj1ajPopcq,USER,0,,,,"2026-03-21 20:01:56","2026-03-21 20:01:56"
847,사용자32-9,mopl-user-32-9@test.com,$2a$10$lGZGkZANPjQcFnvjcwGFH.Ocg0s4RzO8DG9.o0ZQO.6WwriKQgbTq,USER,0,,,,"2026-03-21 20:01:56","2026-03-21 20:01:56"
848,사용자28-10,mopl-user-28-10@test.com,$2a$10$wRLje0H//TuMU4k9y5JKp.Kp4maGHamG5U2PgJ3lC84FAqdYQfJt2,USER,0,,,,"2026-03-21 20:01:56","2026-03-21 20:01:56"
849,사용자98-5,mopl-user-98-5@test.com,$2a$10$TNjUCEuT9BXSTyVuvIOaVuwdLI.F/Pk3HkG3IwMEEQjcpuRl9//ae,USER,0,,,,"2026-03-21 20:01:57","2026-03-21 20:01:57"
850,사용자35-8,mopl-user-35-8@test.com,$2a$10$64ghCh78tm3I74uFhEPiZOyQESIb8cLAGzAr7WDOrZgoo67L2Lc1q,USER,0,,,,"2026-03-21 20:01:57","2026-03-21 20:01:57"
851,사용자73-6,mopl-user-73-6@test.com,$2a$10$FeNQV3/PD9/sBopFNSDPZ.tT4lQpZnAwfbDzP9ODSOP4D7AXlbIW.,USER,0,,,,"2026-03-21 20:01:57","2026-03-21 20:01:57"
852,사용자99-5,mopl-user-99-5@test.com,$2a$10$UJy.6ylCbPombIGCBgJZruOoo.39tR9NuDhuBUmYscPLQ.h.wbAqm,USER,0,,,,"2026-03-21 20:01:57","2026-03-21 20:01:57"
853,사용자58-7,mopl-user-58-7@test.com,$2a$10$DMPyiwdHEQwz7f43Rxcfve6h2k8v3P2k29q7OJylGg4KLwE/vYQh2,USER,0,,,,"2026-03-21 20:01:57","2026-03-21 20:01:57"
854,사용자56-7,mopl-user-56-7@test.com,$2a$10$5eR2UCpQb1kmAuj6MxvQxuWmIK65rQimqckJEgu3TljGLf3iQL7pq,USER,0,,,,"2026-03-21 20:01:57","2026-03-21 20:01:57"
855,사용자95-5,mopl-user-95-5@test.com,$2a$10$gFh0rB2fGXIAchE.opXHh.EHB5AJbkRboJi0jSslNrALr5jwkopuS,USER,0,,,,"2026-03-21 20:01:57","2026-03-21 20:01:57"
856,사용자59-7,mopl-user-59-7@test.com,$2a$10$x0R2uyv1oAt.WqGHgTyy0OhzP9pxL7XJaEA0SALdIYByoy1gJPxYi,USER,0,,,,"2026-03-21 20:01:57","2026-03-21 20:01:57"
857,사용자97-5,mopl-user-97-5@test.com,$2a$10$zntDAEe.zhxB92MPQQt8Z.njjH5DIcf5P/UuTnE2VfklBny4tdSO.,USER,0,,,,"2026-03-21 20:01:57","2026-03-21 20:01:57"
858,사용자89-5,mopl-user-89-5@test.com,$2a$10$Ymc1CzbT2a6Fzzh1tIT3Z.PNEOgXuqEuHxbjHzfhQd0e4pyFWetAO,USER,0,,,,"2026-03-21 20:01:57","2026-03-21 20:01:57"
859,사용자75-6,mopl-user-75-6@test.com,$2a$10$WlHxUajfeKH.cBncSWLuOeLtmGoy271piif.SNxCo4efJE5OC.G2m,USER,0,,,,"2026-03-21 20:01:58","2026-03-21 20:01:58"
860,사용자92-5,mopl-user-92-5@test.com,$2a$10$s0PTgevCc1YIU/KJsOZVg.XiUSjKVatw0SxQ1sLhI8j2C9vpG9lmq,USER,0,,,,"2026-03-21 20:01:58","2026-03-21 20:01:58"
861,사용자49-8,mopl-user-49-8@test.com,$2a$10$rRHoe1dPsk9.RqxjmS1rMuUbGqQMI5IylCCQark0SBfsctzN9CJyK,USER,0,,,,"2026-03-21 20:01:58","2026-03-21 20:01:58"
862,사용자48-8,mopl-user-48-8@test.com,$2a$10$RMsZU4qHOafwz6JFhbVi1eR9kU66qqPYdY5iEP13PEjkW5uA3FIiS,USER,0,,,,"2026-03-21 20:01:58","2026-03-21 20:01:58"
863,사용자30-9,mopl-user-30-9@test.com,$2a$10$Aa5lrEZpUh229NnPNGzeW.b8PTFfJro/nknjpIPIMCsiyVSFiRljG,USER,0,,,,"2026-03-21 20:01:58","2026-03-21 20:01:58"
864,사용자46-8,mopl-user-46-8@test.com,$2a$10$jrCk7lvI2ZGXBpD59TqBMuCK44ulVxN8XTwZnc5q4ng4NMq2EQc8S,USER,0,,,,"2026-03-21 20:01:58","2026-03-21 20:01:58"
865,사용자13-11,mopl-user-13-11@test.com,$2a$10$Xj1dZp50IRYDTVLd9zQHb.TC8kBKVnw5OFpo2WLeKYlqjbL2WHmQe,USER,0,,,,"2026-03-21 20:01:58","2026-03-21 20:01:58"
866,사용자4-14,mopl-user-4-14@test.com,$2a$10$tmxexy/m2dNKU0AjGtPT7.2hp4VWiGiZeCQahoDWLv4.u6dEz3YDm,USER,0,,,,"2026-03-21 20:01:58","2026-03-21 20:01:58"
867,사용자74-6,mopl-user-74-6@test.com,$2a$10$rXwNMgRpmf4DzhvZrlUoreA28AogyK9QZzWy/kURRQIyoKYoCRNr.,USER,0,,,,"2026-03-21 20:01:58","2026-03-21 20:01:58"
868,사용자9-12,mopl-user-9-12@test.com,$2a$10$5e491V2mxVya.A4OGwBi1efQ0Rx.Z6VkXhgdDrkH9Iq5l6wkjyc76,USER,0,,,,"2026-03-21 20:01:58","2026-03-21 20:01:58"
869,사용자78-6,mopl-user-78-6@test.com,$2a$10$IyJXSEDboH47m8wA6RGLL.GbLK5iKbmIm1EEgV4yvS2QrXSgc0rgG,USER,0,,,,"2026-03-21 20:01:58","2026-03-21 20:01:58"
870,사용자77-6,mopl-user-77-6@test.com,$2a$10$JywFL7elCm/ORrzIJOkpVuV0KkyQ/GsxVfpEQ.eMTVTLMff9/ONnW,USER,0,,,,"2026-03-21 20:01:58","2026-03-21 20:01:58"
871,사용자45-8,mopl-user-45-8@test.com,$2a$10$mQfId..Drol/1QTDNhqJF.EhvvIBkT5SdPr9TvrSgo467X9dHR.WW,USER,0,,,,"2026-03-21 20:01:59","2026-03-21 20:01:59"
872,사용자100-5,mopl-user-100-5@test.com,$2a$10$/4Cy8ah8HMtpVRXPSMLeXOF6zImtBnFQ/UmAOizMOZfosEBuiw.3a,USER,0,,,,"2026-03-21 20:01:59","2026-03-21 20:01:59"
873,사용자83-6,mopl-user-83-6@test.com,$2a$10$JCcsDzuuMihZ.syWIkyF/uUtSFAiCc5pL02Czo..qtWy2tViMbfui,USER,0,,,,"2026-03-21 20:01:59","2026-03-21 20:01:59"
874,사용자34-9,mopl-user-34-9@test.com,$2a$10$5keFEIOlOOLqx1UfuNL4peddgzPCm9x6O6aX7pT9VbHTUYR2xmKX6,USER,0,,,,"2026-03-21 20:01:59","2026-03-21 20:01:59"
875,사용자24-10,mopl-user-24-10@test.com,$2a$10$TKiyzLS2es1e8PxNl3/wIOGZR5pRI.swwPPgVJ4JpBTh60AxVEnvu,USER,0,,,,"2026-03-21 20:01:59","2026-03-21 20:01:59"
876,사용자27-10,mopl-user-27-10@test.com,$2a$10$ZDQSrF6l9aULx9jdSf0PVeFenIAwEjxNJ7VvmgtFnU1YWAVKd36SS,USER,0,,,,"2026-03-21 20:01:59","2026-03-21 20:01:59"
877,사용자60-7,mopl-user-60-7@test.com,$2a$10$AB.xwbKNsQW9B/a8pN/RMuc9QVfJnK/xHrjVOqKW8O40HbeS.Lw2u,USER,0,,,,"2026-03-21 20:01:59","2026-03-21 20:01:59"
878,사용자33-9,mopl-user-33-9@test.com,$2a$10$Wx2LwE1.UKaR0bnnR9KMdOPr4q4gkmEeXQh5jFrSwaH8D4b0/2hdi,USER,0,,,,"2026-03-21 20:01:59","2026-03-21 20:01:59"
879,사용자62-7,mopl-user-62-7@test.com,$2a$10$tRyFDJuJrq.VmteqEpmUUeT8O5a8ZUAmdcz7VyIQ3I0FoVx9WeT5.,USER,0,,,,"2026-03-21 20:01:59","2026-03-21 20:01:59"
880,사용자50-8,mopl-user-50-8@test.com,$2a$10$9tQYLTQeYBeDBHhz.DyFNe6HbmHEr6kOwtAowrlI.0N2/CfacdO1S,USER,0,,,,"2026-03-21 20:01:59","2026-03-21 20:01:59"
881,사용자20-11,mopl-user-20-11@test.com,$2a$10$bEAqUONWeB6.kxAtDYH.AOYw.LjKiUB/6FD4/X2Eg61LM4piQ.09K,USER,0,,,,"2026-03-21 20:02:00","2026-03-21 20:02:00"
882,사용자15-13,mopl-user-15-13@test.com,$2a$10$wYt0PLjMcXVVeBdmdWjc5uXxBOnhWkfcqpX3Lk9aqaEVKKRNXoxnm,USER,0,,,,"2026-03-21 20:02:00","2026-03-21 20:02:00"
883,사용자17-12,mopl-user-17-12@test.com,$2a$10$kzg/t9.jjzznzu0JRfsanun44IT7125HXEYzftFXgrr3FIwJh4uW6,USER,0,,,,"2026-03-21 20:02:00","2026-03-21 20:02:00"
884,사용자63-7,mopl-user-63-7@test.com,$2a$10$eXkYz8VYzSEcbUGdDTOGAeY2U8uwGRAJwLqRartcEUKtUED15g95q,USER,0,,,,"2026-03-21 20:02:00","2026-03-21 20:02:00"
885,사용자29-9,mopl-user-29-9@test.com,$2a$10$onYXp5zS/rnWSH7XQX.c4OIe/qB0J2JCkymNkvEILx5ndSJMWHm0a,USER,0,,,,"2026-03-21 20:02:00","2026-03-21 20:02:00"
886,사용자82-6,mopl-user-82-6@test.com,$2a$10$iXkuLyb4js6kaqncjXRSveCJK4dnjkIzTEGelLHV72BNQtSH1n.fG,USER,0,,,,"2026-03-21 20:02:00","2026-03-21 20:02:00"
887,사용자8-14,mopl-user-8-14@test.com,$2a$10$LogNh6DG8Whv0A5uMFMjeuJkegUq4k329m9a64eMYqP.J729qdfJO,USER,0,,,,"2026-03-21 20:02:00","2026-03-21 20:02:00"
888,사용자42-6,mopl-user-42-6@test.com,$2a$10$v2DfvzVdmq4eSlgNxeHOie8sycCtKekqRruNa0oLSFfjlh45LmGmu,USER,0,,,,"2026-03-21 20:02:00","2026-03-21 20:02:00"
889,사용자51-8,mopl-user-51-8@test.com,$2a$10$neD3bu68/2syAdTLr/gX0OYlw3E774lqudfItGv7jUzEWJDgzh2aq,USER,0,,,,"2026-03-21 20:02:00","2026-03-21 20:02:00"
890,사용자18-12,mopl-user-18-12@test.com,$2a$10$phJ2XqrvF4dJVPcpuL/fOe0La3btageOFVF5k40VkIkncry4Ryinu,USER,0,,,,"2026-03-21 20:02:00","2026-03-21 20:02:00"
891,사용자61-7,mopl-user-61-7@test.com,$2a$10$cJo9SD7bH0J6GbdUDaMOBOFZRWOwE7nzdOkgW8NctcyTZqxWtzLRW,USER,0,,,,"2026-03-21 20:02:00","2026-03-21 20:02:00"
892,사용자52-8,mopl-user-52-8@test.com,$2a$10$8hI/Se30ChZJpqTtO58ZI.MaKCR0KMggSHUNfrGO6wH7ORpgW9QHa,USER,0,,,,"2026-03-21 20:02:01","2026-03-21 20:02:01"
893,사용자65-7,mopl-user-65-7@test.com,$2a$10$ObPI3iIzJrZQW5G.hlfk0.JODHB./xBV2uHOEL6IDDdNGXP9y.Dy2,USER,0,,,,"2026-03-21 20:02:01","2026-03-21 20:02:01"
894,사용자2-15,mopl-user-2-15@test.com,$2a$10$.XJntyZoQliZu4bxJpIG2eCeAGfYR7N3Y5WCRYHWPfVIZ9JxhdJ1K,USER,0,,,,"2026-03-21 20:02:01","2026-03-21 20:02:01"
895,사용자81-6,mopl-user-81-6@test.com,$2a$10$M0iAJow3p3osmodmXSzrKeLzIABwMQD4m6m3tf8.L0WjgnsYp9kc2,USER,0,,,,"2026-03-21 20:02:01","2026-03-21 20:02:01"
896,사용자41-8,mopl-user-41-8@test.com,$2a$10$Z01dxJBX6e4bNZIEzyNj/uti.MxFrdv6JHqwEg/28yYgTZVQogXx6,USER,0,,,,"2026-03-21 20:02:01","2026-03-21 20:02:01"
897,사용자79-6,mopl-user-79-6@test.com,$2a$10$nntMFfKxWiIxuCnwiM4.aeyqDNVQ8/Iw4TWrfD39rBskpFkpAqS1a,USER,0,,,,"2026-03-21 20:02:01","2026-03-21 20:02:01"
898,사용자66-7,mopl-user-66-7@test.com,$2a$10$0ppFKRsVPiUJwB3/6A8Whe1Y9q.G7N0PeR8ptWC27YE9XaN9Au6Hy,USER,0,,,,"2026-03-21 20:02:01","2026-03-21 20:02:01"
899,사용자26-10,mopl-user-26-10@test.com,$2a$10$TPxYPeUzrRV7HcOxOQo8quBmFnrn2vU3Eecfx8V9atMwBj9ksjC.i,USER,0,,,,"2026-03-21 20:02:01","2026-03-21 20:02:01"
900,사용자64-7,mopl-user-64-7@test.com,$2a$10$AiLYfUkaY6.Iav6rbTCUHOm6OkkBeCy9E4QSnl8NgCD8RsUrnMfG.,USER,0,,,,"2026-03-21 20:02:01","2026-03-21 20:02:01"
901,사용자36-9,mopl-user-36-9@test.com,$2a$10$oiZWEyAUFrVB0TxKArrZmuX4UKem.qH0YgNGWWSM1e7PhOUGsF42u,USER,0,,,,"2026-03-21 20:02:02","2026-03-21 20:02:02"
902,사용자88-6,mopl-user-88-6@test.com,$2a$10$g6CVfTQ0PwjzNOqmCVhTB.Nxd45f7e0jlTFKjc8eWarEoWgzZp04G,USER,0,,,,"2026-03-21 20:02:02","2026-03-21 20:02:02"
903,사용자54-8,mopl-user-54-8@test.com,$2a$10$2eWBve/6xITWKDl.5Pjw0OWfKxR/XVYJGnND2iBepXAbFx1RFsCAa,USER,0,,,,"2026-03-21 20:02:02","2026-03-21 20:02:02"
904,사용자80-6,mopl-user-80-6@test.com,$2a$10$Cq0ZpPk3p4MopgqlBEWrmOk16hP.bzuwfuQwRU950G1xZabqu.3hm,USER,0,,,,"2026-03-21 20:02:02","2026-03-21 20:02:02"
905,사용자84-6,mopl-user-84-6@test.com,$2a$10$e2mfKHkIQxz5FqP0GzeTBe1DDBhxckcgYO1p/7oretHFs/NyiNN8O,USER,0,,,,"2026-03-21 20:02:02","2026-03-21 20:02:02"
906,사용자94-6,mopl-user-94-6@test.com,$2a$10$eZ8yTeUJTcgJxI/mu9igjegiAEXiOmSlzmTGeBeSlQG4gD2d561ru,USER,0,,,,"2026-03-21 20:02:02","2026-03-21 20:02:02"
907,사용자22-11,mopl-user-22-11@test.com,$2a$10$L91yjs0BuetJRAPg2srfS.35xAeUqkadxYjHwHrP1iV7INLtxzC4q,USER,0,,,,"2026-03-21 20:02:02","2026-03-21 20:02:02"
908,사용자11-13,mopl-user-11-13@test.com,$2a$10$b.KfbvHGqRYHMV3YQAzEM.7r7uG2VwI79UsZf1ibLHCVupezCa63C,USER,0,,,,"2026-03-21 20:02:02","2026-03-21 20:02:02"
909,사용자14-12,mopl-user-14-12@test.com,$2a$10$7P9JmBpwWPWv5qFL1F5gNOHZfy/MH3rss0WS8NOAFVocovEr4u0lq,USER,0,,,,"2026-03-21 20:02:02","2026-03-21 20:02:02"
910,사용자18-13,mopl-user-18-13@test.com,$2a$10$O5BeSPiileAj6G8KYXauNufxQlzxp3YGG32xcStB2x3/HWew/KaI.,USER,0,,,,"2026-03-21 20:02:02","2026-03-21 20:02:02"
911,사용자43-8,mopl-user-43-8@test.com,$2a$10$7lUQtJ1ShUDEESrPQBA.e.UYk.DiFLJp5xtJNVnQQfhXcEz0GYfVC,USER,0,,,,"2026-03-21 20:02:02","2026-03-21 20:02:02"
912,사용자68-7,mopl-user-68-7@test.com,$2a$10$/7bxryL9wz7T6ian/NoEZOc.sWLFbg//nd8pn8U2Z8aU3wZpqbl0G,USER,0,,,,"2026-03-21 20:02:03","2026-03-21 20:02:03"
913,사용자37-9,mopl-user-37-9@test.com,$2a$10$npWtYc3C/gYzJLjuxeAQSuiQCxF69eBxlGUuy3Hkxoc1xrttGDpca,USER,0,,,,"2026-03-21 20:02:03","2026-03-21 20:02:03"
914,사용자7-11,mopl-user-7-11@test.com,$2a$10$TKwFZ6.hLYN2k6lQDUnomeE5wcpcQow8hdKZ.lPhNFYg9jUL/ice.,USER,0,,,,"2026-03-21 20:02:03","2026-03-21 20:02:03"
915,사용자38-9,mopl-user-38-9@test.com,$2a$10$qtowwo/NX9KoZTcxEpWO7eVvFDvwpDlwADw4jpoKEvHjWYx/qEMIC,USER,0,,,,"2026-03-21 20:02:03","2026-03-21 20:02:03"
916,사용자3-15,mopl-user-3-15@test.com,$2a$10$z0PFW3MMe9LostDCG9Chg.rNgVN2BiUrQYrpt3vDaI25dkXO1y276,USER,0,,,,"2026-03-21 20:02:03","2026-03-21 20:02:03"
917,사용자86-6,mopl-user-86-6@test.com,$2a$10$/m8EJBuKsQ3nfNRmMJCXsenDAtDHt4aNG/9FuGrHtQS9PebQEXqkG,USER,0,,,,"2026-03-21 20:02:03","2026-03-21 20:02:03"
918,사용자25-11,mopl-user-25-11@test.com,$2a$10$vDlLxhP90XxcHWalIvVuOeesyWKbF837sT4xEA9beUdgdvJs4gG.q,USER,0,,,,"2026-03-21 20:02:03","2026-03-21 20:02:03"
919,사용자85-6,mopl-user-85-6@test.com,$2a$10$B100y8/Ian96VG/jtLumTu3Ug1Wyhzu2vIWQSLxrwI4/OjtUKfxEO,USER,0,,,,"2026-03-21 20:02:03","2026-03-21 20:02:03"
920,사용자67-7,mopl-user-67-7@test.com,$2a$10$D8.8ALJ7HEsuX5mqmxkxuuERpGdJYF0fdMTPQX0hOQ7K.rQ8waO7K,USER,0,,,,"2026-03-21 20:02:03","2026-03-21 20:02:03"
921,사용자23-11,mopl-user-23-11@test.com,$2a$10$hDaTBD7NHcZiKWVXHpl6tekpUUSrqBlcHvtgODTQEwTdoL2YFHdxq,USER,0,,,,"2026-03-21 20:02:03","2026-03-21 20:02:03"
922,사용자76-6,mopl-user-76-6@test.com,$2a$10$/1Uvqst09W8h8AiS.ZAsHeQa0fCSW1wxWgmkQJ645o4/PTRzGKy1m,USER,0,,,,"2026-03-21 20:02:04","2026-03-21 20:02:04"
923,사용자31-10,mopl-user-31-10@test.com,$2a$10$xLO65xXU9vWdb2U3FTHh1eNqvplb/XYOEMXD1D4DQxXgdXFaDug0G,USER,0,,,,"2026-03-21 20:02:04","2026-03-21 20:02:04"
924,사용자96-6,mopl-user-96-6@test.com,$2a$10$Xo7.FMNYgqxytv7qYzUl2.5lXeFl94PakB30sjaEN6FDoTU7PSOC.,USER,0,,,,"2026-03-21 20:02:04","2026-03-21 20:02:04"
925,사용자40-9,mopl-user-40-9@test.com,$2a$10$WROzbUDRlJkYaz3d62F0v.dGp7P556r0o3XeyjEpGmF7pqNz3KGrq,USER,0,,,,"2026-03-21 20:02:04","2026-03-21 20:02:04"
926,사용자87-5,mopl-user-87-5@test.com,$2a$10$Bv9xRpSZ4UWyAJkdSfIDvuzIpHGSYm94609kSHWoes8bF47ctOrje,USER,0,,,,"2026-03-21 20:02:04","2026-03-21 20:02:04"
927,사용자70-7,mopl-user-70-7@test.com,$2a$10$verix3zL/N1QQoOFcdaPXuWES8NXiltm.CLcPImuF8pu80x98d312,USER,0,,,,"2026-03-21 20:02:04","2026-03-21 20:02:04"
928,사용자71-7,mopl-user-71-7@test.com,$2a$10$leNDlF78/4JLvBc7KbnEFuGoFtzZ4C5Q6BjIRYtreExEKEu10k9qO,USER,0,,,,"2026-03-21 20:02:04","2026-03-21 20:02:04"
929,사용자12-10,mopl-user-12-10@test.com,$2a$10$daOho6leKlgLKT1.nO6FFOAjiLjYbgoc9wbVPHrs82ht6BKtjrg.m,USER,0,,,,"2026-03-21 20:02:04","2026-03-21 20:02:04"
930,사용자93-6,mopl-user-93-6@test.com,$2a$10$y.qlNH10J9ELg6WqL4gRMOOx7MIPX0zBcr1oLkqyGdARKCmQDMy2u,USER,0,,,,"2026-03-21 20:02:05","2026-03-21 20:02:05"
931,사용자72-7,mopl-user-72-7@test.com,$2a$10$DAiEMTxCzrAeoaLOT/bYp.uTsF.SgaYQ5czMPHOlF8MmNX0YtrgAq,USER,0,,,,"2026-03-21 20:02:05","2026-03-21 20:02:05"
932,사용자69-7,mopl-user-69-7@test.com,$2a$10$RHd1WWeEQUqMyvO7gKClQ.0.QDR3nOIz3kuSQVm7Xmuy36m0cKhGG,USER,0,,,,"2026-03-21 20:02:05","2026-03-21 20:02:05"
933,사용자6-14,mopl-user-6-14@test.com,$2a$10$NNPJwwArjs8pNwkwDc9WT.c3sc.ybhUxnKL.L7AZHhhXFo9cxa8im,USER,0,,,,"2026-03-21 20:02:05","2026-03-21 20:02:05"
934,사용자5-15,mopl-user-5-15@test.com,$2a$10$hliy4zWsHQaWDF.KMQtBaeuDYQNSywT44Ih77fe5cy/fIqzHzX27G,USER,0,,,,"2026-03-21 20:02:05","2026-03-21 20:02:05"
935,사용자21-11,mopl-user-21-11@test.com,$2a$10$.lSA7qGZhOgYKcPL4VsJwOgpwuVf5N3KytNveu5OSJB4/j5PBNHP.,USER,0,,,,"2026-03-21 20:02:05","2026-03-21 20:02:05"
936,사용자19-12,mopl-user-19-12@test.com,$2a$10$/P3urr2Ol3.wdw6JlrjwUePgYOnZ4zc8ELe8pfzchSNZq82.nfYCG,USER,0,,,,"2026-03-21 20:02:05","2026-03-21 20:02:05"
937,사용자39-7,mopl-user-39-7@test.com,$2a$10$pt5POFHm9FPpI/tLMFLPz.gCUyzkrCNypGLdG0BcD6Swl4/iKvZHq,USER,0,,,,"2026-03-21 20:02:05","2026-03-21 20:02:05"
938,사용자16-13,mopl-user-16-13@test.com,$2a$10$et6YppKy0JbcMsoiE2Y2auI9dxgURfc1P5aq8KxP6Rs9.kk6mGExm,USER,0,,,,"2026-03-21 20:02:05","2026-03-21 20:02:05"
939,사용자44-8,mopl-user-44-8@test.com,$2a$10$30o5BsJgJOB1Ym9yAzeAG.541px5r/u3voicGMXdBtMUh3q5G0qSe,USER,0,,,,"2026-03-21 20:02:05","2026-03-21 20:02:05"
940,사용자90-6,mopl-user-90-6@test.com,$2a$10$80ZEEFfUFL1qQlkdJUEC5.DYkBWx./m211xUSo0wzU/L/L6XkDnpO,USER,0,,,,"2026-03-21 20:02:05","2026-03-21 20:02:05"
941,사용자1-16,mopl-user-1-16@test.com,$2a$10$0Z2hA4Joygyg9L38pfvjmuOM82BKa.Lzs5yJqUeyfq4sG29zxdc2a,USER,0,,,,"2026-03-21 20:02:06","2026-03-21 20:02:06"
942,사용자10-14,mopl-user-10-14@test.com,$2a$10$2SA5g9zCmMkJlS/Lz17Qqu/1MkEifOqI8kube1YbaJ7kWRgjB0w7O,USER,0,,,,"2026-03-21 20:02:06","2026-03-21 20:02:06"
943,사용자55-8,mopl-user-55-8@test.com,$2a$10$uQfxvCbY2fr1/KZdldGKgOJMine1kle0TVyuHZZnnRPi80MHTrnSW,USER,0,,,,"2026-03-21 20:02:06","2026-03-21 20:02:06"
944,사용자57-8,mopl-user-57-8@test.com,$2a$10$Y3BuFE9tPXpf4jsoDA2/1O1HAyY0Mdv3gg6WLHdI.nXgQi2ffFqHy,USER,0,,,,"2026-03-21 20:02:06","2026-03-21 20:02:06"
945,사용자91-6,mopl-user-91-6@test.com,$2a$10$YRwj5.peidvJ.WgPtLaIReQNofKPTeMuCNCsF5NXa.k8KcpC63izS,USER,0,,,,"2026-03-21 20:02:06","2026-03-21 20:02:06"
946,사용자47-7,mopl-user-47-7@test.com,$2a$10$sFUGcrSJPkMVrLLtqdWvuOdVp2wcJ.rysyzEKWnncWdKG2XD30mGe,USER,0,,,,"2026-03-21 20:02:06","2026-03-21 20:02:06"
947,사용자32-10,mopl-user-32-10@test.com,$2a$10$haEhvv06G.Jq9mleGEZrxOkGCfeukxtnx24TO9eKnFSmeEelumrk2,USER,0,,,,"2026-03-21 20:02:06","2026-03-21 20:02:06"
948,사용자28-11,mopl-user-28-11@test.com,$2a$10$XgaiAlykZXENzjQOM.m.g.qhQ5FxiI6EyS1cpbhBD0s.wGvKuuuUe,USER,0,,,,"2026-03-21 20:02:06","2026-03-21 20:02:06"
949,사용자98-6,mopl-user-98-6@test.com,$2a$10$dGnwT5ctB.E..u2ADoSxtun9sMXY2TSf6zDoy1T.P88Sn.jrD7K1O,USER,0,,,,"2026-03-21 20:02:06","2026-03-21 20:02:06"
950,사용자58-8,mopl-user-58-8@test.com,$2a$10$iMIXQuDPaDIDlopNSVVsm.LaNoHvXOlXg0kmVZqeoYYdnTR8sWuCa,USER,0,,,,"2026-03-21 20:02:06","2026-03-21 20:02:06"
951,사용자35-9,mopl-user-35-9@test.com,$2a$10$iZbcemRzy5ejuF1MnKSnheaZNnuNlwIX212loNx9otafjwfqtd9ui,USER,0,,,,"2026-03-21 20:02:07","2026-03-21 20:02:07"
952,사용자56-8,mopl-user-56-8@test.com,$2a$10$Wk1JUvYCwwa4JZLwKixxvOfs/A4r4ZCqUQ/5uIu81f6deLnhLEzza,USER,0,,,,"2026-03-21 20:02:07","2026-03-21 20:02:07"
953,사용자59-8,mopl-user-59-8@test.com,$2a$10$v8wDUzZUvb3d6UOMsKbLj.bbDLzR7TBVxPoBf.FsXMtAHkOAsbv0u,USER,0,,,,"2026-03-21 20:02:07","2026-03-21 20:02:07"
954,사용자89-6,mopl-user-89-6@test.com,$2a$10$WQ/Eluqe3hLGB3x0a8vdyuJxz4gF8Ym.V.PezHkj7gqoX2qUl9lqu,USER,0,,,,"2026-03-21 20:02:07","2026-03-21 20:02:07"
955,사용자73-7,mopl-user-73-7@test.com,$2a$10$a5gqI3.OEn/naK0uaWhVWOVhjtbhYVKh6k5Lyku/5L3ROY5l7j05S,USER,0,,,,"2026-03-21 20:02:07","2026-03-21 20:02:07"
956,사용자99-6,mopl-user-99-6@test.com,$2a$10$K8HpRZTnjnWr734Vi7gw4OdkPFstVHHX0OAg.UThXE.ROub9S.F9W,USER,0,,,,"2026-03-21 20:02:07","2026-03-21 20:02:07"
957,사용자95-6,mopl-user-95-6@test.com,$2a$10$0xk.l8G1C/xVyeS.5/N0/eoL5K3/vsz06U.sVIFDoOXSdoCbuOKBW,USER,0,,,,"2026-03-21 20:02:07","2026-03-21 20:02:07"
958,사용자97-6,mopl-user-97-6@test.com,$2a$10$6w0CDY9ElE/DeymDSwBvJud0UGwyFalbgy3OPRrrHtAjVpSIEX2b2,USER,0,,,,"2026-03-21 20:02:07","2026-03-21 20:02:07"
959,사용자49-9,mopl-user-49-9@test.com,$2a$10$6kgAsen5S8cA7qdOAWpFOeibZSRbVx8V2FMIrrQy6gXM7Xs62yXyW,USER,0,,,,"2026-03-21 20:02:07","2026-03-21 20:02:07"
960,사용자75-7,mopl-user-75-7@test.com,$2a$10$2f6k65Kiqa75IlCLeKiBQOJ9xdBcCKdJtNd3O501ZtXJIPW0HxU1K,USER,0,,,,"2026-03-21 20:02:07","2026-03-21 20:02:07"
961,사용자30-10,mopl-user-30-10@test.com,$2a$10$4OKB8F5gWWFzeFZAk.Rpu.xBWDz3wN3wdlpSjA8siP0DfIcGz0CQe,USER,0,,,,"2026-03-21 20:02:08","2026-03-21 20:02:08"
962,사용자48-9,mopl-user-48-9@test.com,$2a$10$uKh1Udw0yairXgGaKsj4XugFcJ3JWDVUXrKtaUM/s1NVu0uVtI.Dm,USER,0,,,,"2026-03-21 20:02:08","2026-03-21 20:02:08"
963,사용자92-6,mopl-user-92-6@test.com,$2a$10$wyjB9jwUd4ES5zddACPNrudjqMqWejzLZZMWrL7LORmmPHNfcxH76,USER,0,,,,"2026-03-21 20:02:08","2026-03-21 20:02:08"
964,사용자13-12,mopl-user-13-12@test.com,$2a$10$7lYG909BTI2ZHHUdFykNY.XkbH1a9atD9SJneDq6cblwv..3XQGD2,USER,0,,,,"2026-03-21 20:02:08","2026-03-21 20:02:08"
965,사용자9-13,mopl-user-9-13@test.com,$2a$10$urUPK3RQLRPerMANcGzrrONSFnFce2mJ6iKmkJ8p76eWVQVisAp7y,USER,0,,,,"2026-03-21 20:02:08","2026-03-21 20:02:08"
966,사용자46-9,mopl-user-46-9@test.com,$2a$10$NMYX0YUBTYn6y2yl7Ja3SO8TVI8Bnra5X7jmVpy7Fuaip.fsTiS9y,USER,0,,,,"2026-03-21 20:02:08","2026-03-21 20:02:08"
967,사용자74-7,mopl-user-74-7@test.com,$2a$10$cddJdWkX.Cy8z8u.vo424.Fb58gkU9W6avCxWfbstWVkXLj0jUc1q,USER,0,,,,"2026-03-21 20:02:08","2026-03-21 20:02:08"
968,사용자4-15,mopl-user-4-15@test.com,$2a$10$shdu7tjOWwUgJf3YcT6JT..qs5sdTbggfhoKIir3gy5ZMmrEHDFJ6,USER,0,,,,"2026-03-21 20:02:08","2026-03-21 20:02:08"
969,사용자78-7,mopl-user-78-7@test.com,$2a$10$m8SHoJ9/fz/yCO29hTc7Q.O.Udf7VZk8XEmHPOI.gL5JBShr6SDnC,USER,0,,,,"2026-03-21 20:02:08","2026-03-21 20:02:08"
970,사용자77-7,mopl-user-77-7@test.com,$2a$10$IhyJu/MPd7vikIpfEQ8G1.9hqy.EYTEqRoSb.wzajLKmKmP8QV7pO,USER,0,,,,"2026-03-21 20:02:08","2026-03-21 20:02:08"
971,사용자100-6,mopl-user-100-6@test.com,$2a$10$Ui2lOlGCNmwQg/6hKZis..ywTURPkHCNfr0jzo/la5OY4fYbY0/ha,USER,0,,,,"2026-03-21 20:02:09","2026-03-21 20:02:09"
972,사용자45-9,mopl-user-45-9@test.com,$2a$10$Jz/GZHwwjsRs1q9buADo4OforIysb7VygWz25.163XcQqplIClhEC,USER,0,,,,"2026-03-21 20:02:09","2026-03-21 20:02:09"
973,사용자34-10,mopl-user-34-10@test.com,$2a$10$1hplu6/M8ii00328h.ewXOdrWG15hSXB8YWMfsyThojfS9zztreLy,USER,0,,,,"2026-03-21 20:02:09","2026-03-21 20:02:09"
974,사용자83-7,mopl-user-83-7@test.com,$2a$10$rPhZ2UZqEWMCssagahyL1.ngCF/CYpwXWbW/r3MT7.VHotKauNMH6,USER,0,,,,"2026-03-21 20:02:09","2026-03-21 20:02:09"
975,사용자27-11,mopl-user-27-11@test.com,$2a$10$QJZig0gPas5i52fY9WDO7u2RggHi/EyRiymqNbtsuFFcEkOPcG1Xe,USER,0,,,,"2026-03-21 20:02:09","2026-03-21 20:02:09"
976,사용자60-8,mopl-user-60-8@test.com,$2a$10$kAWHhzGsrFez11dfix1Z2O1xML1yryy0D//Wilr/LWuyipaslaTbK,USER,0,,,,"2026-03-21 20:02:09","2026-03-21 20:02:09"
977,사용자24-11,mopl-user-24-11@test.com,$2a$10$5SX2CcoKm5HgqYrSRvayt.SLK97LfoZ1orznVLlzB1yAaXWX3OuzW,USER,0,,,,"2026-03-21 20:02:09","2026-03-21 20:02:09"
978,사용자33-10,mopl-user-33-10@test.com,$2a$10$jGMYqvNWq3Df6myWRVeNHuTiZ.hXeEk8siR2v898TaUNzlr1nodu6,USER,0,,,,"2026-03-21 20:02:09","2026-03-21 20:02:09"
979,사용자62-8,mopl-user-62-8@test.com,$2a$10$ygQbpZXKSUjaazU.9LtzteX4liJqvov02eh4njLcpkYQhstLUnxNe,USER,0,,,,"2026-03-21 20:02:09","2026-03-21 20:02:09"
980,사용자50-9,mopl-user-50-9@test.com,$2a$10$gKhNRoYFXzdwhyLh25RdneJhuMrsOWDK2jLfhCTQcMbD6Mp7eSK3e,USER,0,,,,"2026-03-21 20:02:10","2026-03-21 20:02:10"
981,사용자15-14,mopl-user-15-14@test.com,$2a$10$Vd6xTRIuut501QjVsSaj2.9KJQ2t3vmyqfgbqcSp8zbOPtz0qUW4i,USER,0,,,,"2026-03-21 20:02:10","2026-03-21 20:02:10"
982,사용자8-15,mopl-user-8-15@test.com,$2a$10$o1LBmsrtsN4OBXPOVwtE0.hUUdwLdE8rJJdjO549g6vmrbmEWuSbu,USER,0,,,,"2026-03-21 20:02:10","2026-03-21 20:02:10"
983,사용자29-10,mopl-user-29-10@test.com,$2a$10$7lMqMqMPEGefLpw9IFS3oeTIZjXOcTrI/hx7un9vHYws0dueG6KxC,USER,0,,,,"2026-03-21 20:02:10","2026-03-21 20:02:10"
984,사용자17-13,mopl-user-17-13@test.com,$2a$10$N17K66prXFkirFif4dzfSuojDTCGxVBVtvPvf4.e.2/Q690I0ZC9O,USER,0,,,,"2026-03-21 20:02:10","2026-03-21 20:02:10"
985,사용자42-7,mopl-user-42-7@test.com,$2a$10$qpvDm46RyvNkTeXLDLcDw.xHBULnndh1rCqUbRy0nqAsTA7s.mfoe,USER,0,,,,"2026-03-21 20:02:10","2026-03-21 20:02:10"
986,사용자20-12,mopl-user-20-12@test.com,$2a$10$OcdlbzPnLACxsd3nhto6VeHWXKeOr7prxTsOVsARX0NXa6PbirWsy,USER,0,,,,"2026-03-21 20:02:10","2026-03-21 20:02:10"
987,사용자63-8,mopl-user-63-8@test.com,$2a$10$IoGid39Xix3MK3Wnzi7g0OMFvTwh45..194gXPLSlA4q0DbKZxk.e,USER,0,,,,"2026-03-21 20:02:10","2026-03-21 20:02:10"
988,사용자82-7,mopl-user-82-7@test.com,$2a$10$FhFZy.kBtS4CWVYhruzEg.SvPv7Kzs/ZzRuXhyQmwPwojBgTOfQMS,USER,0,,,,"2026-03-21 20:02:10","2026-03-21 20:02:10"
989,사용자51-9,mopl-user-51-9@test.com,$2a$10$fGStgP6zAjMj.K.6aICZTuHPflHDSLZ9GBC0bxX.5jMc2NFE5QG9C,USER,0,,,,"2026-03-21 20:02:10","2026-03-21 20:02:10"
990,사용자61-8,mopl-user-61-8@test.com,$2a$10$DrAe9QOA16SEyaCGJf2uYupghusLEy5Mp1VG80KYlhjw2TRsVi8z.,USER,0,,,,"2026-03-21 20:02:10","2026-03-21 20:02:10"
991,사용자79-7,mopl-user-79-7@test.com,$2a$10$jBea/WbE6/E.GcRS3ANZcehPQ9uKEKOM5XCGO19n7IS5c0tzPyzHW,USER,0,,,,"2026-03-21 20:02:10","2026-03-21 20:02:10"
992,사용자66-8,mopl-user-66-8@test.com,$2a$10$94LgwKJEZuuVCrKS90bUZu.i3w2Hg276ngaPInhkOaONX8tDR5BMq,USER,0,,,,"2026-03-21 20:02:10","2026-03-21 20:02:10"
993,사용자53-8,mopl-user-53-8@test.com,$2a$10$CJ4/.w/1JiWNbvKe2bUIY.S.HUakpqAtMNmkjIxjQvN/yA6/oEDrq,USER,0,,,,"2026-03-21 20:02:11","2026-03-21 20:02:11"
994,사용자52-9,mopl-user-52-9@test.com,$2a$10$rfw4gIxeBZJArE8KQJELfe0pyyp/x/2d8waz726U.ZygaZZIXwX4O,USER,0,,,,"2026-03-21 20:02:11","2026-03-21 20:02:11"
995,사용자2-16,mopl-user-2-16@test.com,$2a$10$Wt.psZ4FHTeUXbrrPFUPv.5LtqJnZWZMH2uEwqmqwxP5SuJIJNVP2,USER,0,,,,"2026-03-21 20:02:11","2026-03-21 20:02:11"
996,사용자88-7,mopl-user-88-7@test.com,$2a$10$rzPs1xBOpmIUYpRdlK.l9.sjTQFNKZplVqyQwwVzADiFAdyPtWGWa,USER,0,,,,"2026-03-21 20:02:11","2026-03-21 20:02:11"
997,사용자65-8,mopl-user-65-8@test.com,$2a$10$PGomJoozBK4Scw3h.E/BAuxMuZgFRI4RqgiFWP27lEI90A2KOZcEW,USER,0,,,,"2026-03-21 20:02:11","2026-03-21 20:02:11"
998,사용자81-7,mopl-user-81-7@test.com,$2a$10$yh0euvTDvhglON6/Evzai.0gxRRzRHpyTYvD6bf.44wmxTpjVO6W2,USER,0,,,,"2026-03-21 20:02:11","2026-03-21 20:02:11"
999,사용자41-9,mopl-user-41-9@test.com,$2a$10$NZavpETKWywbtFTAvlpIuuoyXw3ATfGm.1TUIh3DzCJtOUYlKmAe2,USER,0,,,,"2026-03-21 20:02:11","2026-03-21 20:02:11"
1000,사용자36-10,mopl-user-36-10@test.com,$2a$10$ekV5i59JP3Sy1ZZsTr0tZ.Pmdx2KdKqy5I26s/sfqvt2GCMGeIjnG,USER,0,,,,"2026-03-21 20:02:11","2026-03-21 20:02:11"
1001,사용자84-7,mopl-user-84-7@test.com,$2a$10$jKmnUvq3gO.ZV/B/HXo5P.dehXq7nc/dBs3AR81VoLeqtJzgoalwO,USER,0,,,,"2026-03-21 20:02:11","2026-03-21 20:02:11"
1002,사용자26-11,mopl-user-26-11@test.com,$2a$10$hmtAwhqwoCIykVfuhPY/iOMlPrgKZjO4E1bZonmuHw4YOMDFi5/J6,USER,0,,,,"2026-03-21 20:02:11","2026-03-21 20:02:11"
1003,사용자64-8,mopl-user-64-8@test.com,$2a$10$ad8RaC0EpTWomZ8QUM9j.uxx.97aFLssqCGmG6E7O8heEubgCnwCa,USER,0,,,,"2026-03-21 20:02:12","2026-03-21 20:02:12"
1004,사용자54-9,mopl-user-54-9@test.com,$2a$10$.Wq1BhHCl90jx0VAmLJxx.tOcdVAWKrfV2OmxNQ2D6A0ApTZ9jP.K,USER,0,,,,"2026-03-21 20:02:12","2026-03-21 20:02:12"
1005,사용자22-12,mopl-user-22-12@test.com,$2a$10$HaPVjo89iP4qj0w/99ileOEATLH0M6uzHc4XdF6yJjpejUQWjBrf2,USER,0,,,,"2026-03-21 20:02:12","2026-03-21 20:02:12"
1006,사용자11-14,mopl-user-11-14@test.com,$2a$10$y.I5pvz6pOFgtOA1aOEvU.wb3JXKQJ33gl3euI.UTAOp0u.NhIv1G,USER,0,,,,"2026-03-21 20:02:12","2026-03-21 20:02:12"
1007,사용자94-7,mopl-user-94-7@test.com,$2a$10$ccl9t3ykwW0hYM/ImDmAUefHMzmjLEPobBW0fxn1xfax4HC4dNHxm,USER,0,,,,"2026-03-21 20:02:12","2026-03-21 20:02:12"
1008,사용자80-7,mopl-user-80-7@test.com,$2a$10$5IIc50jOaQnRnM/OO.yLj.U3HoJCAvdwjY6R1yHOi2KRsBBvhtIOq,USER,0,,,,"2026-03-21 20:02:12","2026-03-21 20:02:12"
1009,사용자68-8,mopl-user-68-8@test.com,$2a$10$FOaePLYUcywtuJ8/I/Lj8uWZR9PMNAvTeZqiYf04fLhX7F2ngqJ5C,USER,0,,,,"2026-03-21 20:02:12","2026-03-21 20:02:12"
1010,사용자14-13,mopl-user-14-13@test.com,$2a$10$oCKpOtMTPRFMnA0hcVkRWOd5UZXzCsCQVqmyjJEOZXCBlM4wZXiiy,USER,0,,,,"2026-03-21 20:02:12","2026-03-21 20:02:12"
1011,사용자18-14,mopl-user-18-14@test.com,$2a$10$biOdbOLQBM4oAgglSTTl/esnNEXa9vReyI.AVL49QugzYV6birdMe,USER,0,,,,"2026-03-21 20:02:12","2026-03-21 20:02:12"
1012,사용자43-9,mopl-user-43-9@test.com,$2a$10$ORQ4poJhY775biUdHo3mf.z4siHAWosyTpR1cl1pq3Kycwl7iYKru,USER,0,,,,"2026-03-21 20:02:13","2026-03-21 20:02:13"
1013,사용자37-10,mopl-user-37-10@test.com,$2a$10$dJ/TYfUS1RZsrgajiXF4LeQeADZiCoXjIzggYrrgtg721NtzNbwwS,USER,0,,,,"2026-03-21 20:02:13","2026-03-21 20:02:13"
1014,사용자7-12,mopl-user-7-12@test.com,$2a$10$N8Yscgz89CbL2gxUd8BhzucOpDOZlGiwgm4b40yi6s67UQlwDYBHq,USER,0,,,,"2026-03-21 20:02:13","2026-03-21 20:02:13"
1015,사용자85-7,mopl-user-85-7@test.com,$2a$10$RFvaK4LbgTBDhVOyH55Xs.CUIy7voVhdYTW6b1IEh.3xnRIlrOMLK,USER,0,,,,"2026-03-21 20:02:13","2026-03-21 20:02:13"
1016,사용자38-10,mopl-user-38-10@test.com,$2a$10$IQ9B1RhExH9XrZtTEQy/quT3WDl5vE12DhoVWEbEzjX4A9pZlxol.,USER,0,,,,"2026-03-21 20:02:13","2026-03-21 20:02:13"
1017,사용자25-12,mopl-user-25-12@test.com,$2a$10$7u3vjgzCw0YAr20zspN0CegE6pWntISTxgRRNPaGw0EftjBgA0WBK,USER,0,,,,"2026-03-21 20:02:13","2026-03-21 20:02:13"
1018,사용자86-7,mopl-user-86-7@test.com,$2a$10$fFaqqTCDT1o6/RMElm7RJOhdCe5Uv.33hI9irjVlHVb7D8lg9hzd6,USER,0,,,,"2026-03-21 20:02:13","2026-03-21 20:02:13"
1019,사용자3-16,mopl-user-3-16@test.com,$2a$10$uxNZov.yByFFi8DLnTB.w.BlfFkPHLsSLF704034YzNDiKIw.5TiO,USER,0,,,,"2026-03-21 20:02:13","2026-03-21 20:02:13"
1020,사용자67-8,mopl-user-67-8@test.com,$2a$10$I9Hm/8ksT42tDcpf3qhCguOY8bBxM5JD7K/bqj8ILNXkjJgFiocK6,USER,0,,,,"2026-03-21 20:02:13","2026-03-21 20:02:13"
1021,사용자23-12,mopl-user-23-12@test.com,$2a$10$WnHsF.9B7I3HLwPd.3g0jeaaNS1I0L7/yYgEI/phb2aZ.ckH87apm,USER,0,,,,"2026-03-21 20:02:13","2026-03-21 20:02:13"
1022,사용자31-11,mopl-user-31-11@test.com,$2a$10$1Zs1QSavWT5oZXHeKzw6s.Oy7hBGnqnacOdL2h1gqjQH.la4xqVKC,USER,0,,,,"2026-03-21 20:02:13","2026-03-21 20:02:13"
1023,사용자72-8,mopl-user-72-8@test.com,$2a$10$BvTix1BTESQrtkPELkrYzupdzCsQ4Y4bFprBMJblnvZXgR1wo7jru,USER,0,,,,"2026-03-21 20:02:14","2026-03-21 20:02:14"
1024,사용자6-15,mopl-user-6-15@test.com,$2a$10$3Mg4f/thThsgSnlx5IfsDulLWu2lgAXiVOmF728vPpOkWTVln2xEi,USER,0,,,,"2026-03-21 20:02:14","2026-03-21 20:02:14"
1025,사용자70-8,mopl-user-70-8@test.com,$2a$10$p0DrzLsbTfbpCeamG2yvSuVSG7J8vw1Eg3pFZ4JB2ssUAXL07rqEy,USER,0,,,,"2026-03-21 20:02:14","2026-03-21 20:02:14"
1026,사용자71-8,mopl-user-71-8@test.com,$2a$10$rVhlVfIalfP53BAMGbhykuSYr9MpDLFKdylC3TPNItE0pWwTHuJLm,USER,0,,,,"2026-03-21 20:02:14","2026-03-21 20:02:14"
1027,사용자40-10,mopl-user-40-10@test.com,$2a$10$9cz3pnXpKOCEIMal9CWuI.i7whhG8Rj9O9Rsp8tSm/.I2caUtsFT6,USER,0,,,,"2026-03-21 20:02:14","2026-03-21 20:02:14"
1028,사용자12-11,mopl-user-12-11@test.com,$2a$10$SZjPYUerh19pyFpN9Uoj0OMcXDGp/EH6PBxzv1jLLkwJ1VvhyV/lK,USER,0,,,,"2026-03-21 20:02:14","2026-03-21 20:02:14"
1029,사용자69-8,mopl-user-69-8@test.com,$2a$10$XfmgMGTKJESytsGIqxR9c.dYw6L8A1tiTVZ4ztyieWvP2AzV5wOzG,USER,0,,,,"2026-03-21 20:02:14","2026-03-21 20:02:14"
1030,사용자5-16,mopl-user-5-16@test.com,$2a$10$bnRRxd9ysyAHKSMG9ruy6uY/dHyVF/7k35KXPSTNTOaXS.AYgvGWS,USER,0,,,,"2026-03-21 20:02:14","2026-03-21 20:02:14"
1031,사용자19-13,mopl-user-19-13@test.com,$2a$10$oGltaJg8steOEcE1lMoAkuDOSyP7RKRg0STVKPSk.gdRdg30o3WYq,USER,0,,,,"2026-03-21 20:02:14","2026-03-21 20:02:14"
1032,사용자21-12,mopl-user-21-12@test.com,$2a$10$vi.k4TPIQhYtrsJn.40LcODTrqLMaSrgm4wysIFaCUd691LcNUHp2,USER,0,,,,"2026-03-21 20:02:14","2026-03-21 20:02:14"
1033,사용자39-8,mopl-user-39-8@test.com,$2a$10$9AaF6J9vscsEMHTZm676A.x2hHy2mjkRo9xyi.KLhK1Y7FiO9EbO6,USER,0,,,,"2026-03-21 20:02:14","2026-03-21 20:02:14"
1034,사용자44-9,mopl-user-44-9@test.com,$2a$10$Faw.izW.3Yu6QmTnDIKci.W0i0AOMmFa0jqokXnCGiCqmYSKSRgyu,USER,0,,,,"2026-03-21 20:02:15","2026-03-21 20:02:15"
1035,사용자16-14,mopl-user-16-14@test.com,$2a$10$XOPWJXHtmO9SkOSOTzedeODxrjCeFcDHzRVQfVqkd.vlrkS42PR.e,USER,0,,,,"2026-03-21 20:02:15","2026-03-21 20:02:15"
1036,사용자32-11,mopl-user-32-11@test.com,$2a$10$5o515iKmwlMWIHPRYWR8Q.1e1wHJoiEqFxJ5ihPHEY.MuRGlsLgUW,USER,0,,,,"2026-03-21 20:02:15","2026-03-21 20:02:15"
1037,사용자47-8,mopl-user-47-8@test.com,$2a$10$4A4D4YE1ddFbSF2Nb1K6CONV0LQ6XXN7xJW560NW.bF1XxcTpxRhO,USER,0,,,,"2026-03-21 20:02:15","2026-03-21 20:02:15"
1038,사용자55-9,mopl-user-55-9@test.com,$2a$10$bWmgsevU4rENMMFIPo0z9.2k/IJtR0si5g2573DL58m0W258Za5TK,USER,0,,,,"2026-03-21 20:02:15","2026-03-21 20:02:15"
1039,사용자10-15,mopl-user-10-15@test.com,$2a$10$2CmGNMEVji8pEUUpQsWcVuIr397oiZ9t2RWJ7V2VGtjcFu9VhXfpa,USER,0,,,,"2026-03-21 20:02:15","2026-03-21 20:02:15"
1040,사용자1-17,mopl-user-1-17@test.com,$2a$10$7plsvkCQeIkXU4/9mbfoDOoBqYxZmN6uxFQqbt0t7iOkLNPgpdt/e,USER,0,,,,"2026-03-21 20:02:15","2026-03-21 20:02:15"
1041,사용자28-12,mopl-user-28-12@test.com,$2a$10$eY6Nd7lG.NiQA8VEfLMj7urpXR7yXGLeeAJyfvAKJh00PqVw8yU.u,USER,0,,,,"2026-03-21 20:02:15","2026-03-21 20:02:15"
1042,사용자57-9,mopl-user-57-9@test.com,$2a$10$aZ66MkWoOU4IHnsL3l6Nae58H.wKBxzC5.AWtHuX25UzpxkVYMPlG,USER,0,,,,"2026-03-21 20:02:15","2026-03-21 20:02:15"
1043,사용자58-9,mopl-user-58-9@test.com,$2a$10$y8Ow9WDKvaMUYKZ0e3o.rO.zkyDBpPqLWnaoLLcD9qgyWD8zirR5C,USER,0,,,,"2026-03-21 20:02:15","2026-03-21 20:02:15"
1044,사용자35-10,mopl-user-35-10@test.com,$2a$10$0FfIp7wHznN9eKevn7FZ6.q2i0zZzeusWqaKAnCfXvyzjwpEUGtIq,USER,0,,,,"2026-03-21 20:02:15","2026-03-21 20:02:15"
1045,사용자56-9,mopl-user-56-9@test.com,$2a$10$1OF1x9aNghJ/kMFY9ERyAu0UwtPArPO71DA4nKPJDFYDHeeMdwz0q,USER,0,,,,"2026-03-21 20:02:16","2026-03-21 20:02:16"
1046,사용자59-9,mopl-user-59-9@test.com,$2a$10$2bawKdjacKeL1w531lke0uLNQ0s0NaGUYynN6XshnHz743F.SCqGq,USER,0,,,,"2026-03-21 20:02:16","2026-03-21 20:02:16"
1047,사용자49-10,mopl-user-49-10@test.com,$2a$10$OIrwA8qwY02I3gALhAxCnOwllo6y7p5Wl/9yMOwFrkvipNAC.dRFu,USER,0,,,,"2026-03-21 20:02:16","2026-03-21 20:02:16"
1048,사용자30-11,mopl-user-30-11@test.com,$2a$10$5UuNZmI/6twe7CXFPHqfD.lPEMa3mCZSbbHZliqBlmFeHkWgbQoPe,USER,0,,,,"2026-03-21 20:02:16","2026-03-21 20:02:16"
1049,사용자48-10,mopl-user-48-10@test.com,$2a$10$8uS4bYxdeilQKGoKJGzOyu4HkgjY6FwTow3/UmTBHtYA7xYg2D8Fm,USER,0,,,,"2026-03-21 20:02:16","2026-03-21 20:02:16"
1050,사용자4-16,mopl-user-4-16@test.com,$2a$10$YcurPgeBz2QtRpJ9kFBuO.fIHopPVx7CcSau3DVpc74dNDUy64Niu,USER,0,,,,"2026-03-21 20:02:16","2026-03-21 20:02:16"
1051,사용자13-13,mopl-user-13-13@test.com,$2a$10$63yU4HL0dbwmBYEiwwg3s.ZANzu1MdN4bK9SmR1cdcub6xf/hx4pG,USER,0,,,,"2026-03-21 20:02:16","2026-03-21 20:02:16"
1052,사용자9-14,mopl-user-9-14@test.com,$2a$10$T8h6X5sotAS0sw6sIpnT1O8z/id6bBK76R9/PPG2pj4zTsKORkafG,USER,0,,,,"2026-03-21 20:02:16","2026-03-21 20:02:16"
1053,사용자45-10,mopl-user-45-10@test.com,$2a$10$eecx.jkGs7v.xH8G8f747eoXChqMSQmiUB5ZFP//kCcqJCVaxCy86,USER,0,,,,"2026-03-21 20:02:16","2026-03-21 20:02:16"
1054,사용자46-10,mopl-user-46-10@test.com,$2a$10$8ieuBXY2o/3XjD0LAgBQgeQCVyWzVz0Sdlxjw5fWQ9GcQpB0x1PD6,USER,0,,,,"2026-03-21 20:02:16","2026-03-21 20:02:16"
1055,사용자34-11,mopl-user-34-11@test.com,$2a$10$P5.a903zS2ciYVNp/CULMekpqYyWw3ZpnEpuq03clHdyCGWnywKRe,USER,0,,,,"2026-03-21 20:02:16","2026-03-21 20:02:16"
1056,사용자60-9,mopl-user-60-9@test.com,$2a$10$I3GkzwFDouDL9eNjtzt/Ce5bMBIcb8BudDfO6Nf3uNogpdo8rtVZu,USER,0,,,,"2026-03-21 20:02:16","2026-03-21 20:02:16"
1057,사용자29-11,mopl-user-29-11@test.com,$2a$10$ZQXyChGk6AxwA2Sa1OC1v.HplWIXwKr0rxX6OE0NWDsv9RFKoaHhu,USER,0,,,,"2026-03-21 20:02:17","2026-03-21 20:02:17"
1058,사용자20-13,mopl-user-20-13@test.com,$2a$10$8Q1Rp0COpQ0fDkD8zKl/GeR9IKQNoNSXxqUnGRzbYiRaHffWjxfa.,USER,0,,,,"2026-03-21 20:02:17","2026-03-21 20:02:17"
1059,사용자27-12,mopl-user-27-12@test.com,$2a$10$dpC9Jss86VKdXSWeaGDrheyVuGoJdflUHlzIx1ph37VUkLZzhiyEG,USER,0,,,,"2026-03-21 20:02:17","2026-03-21 20:02:17"
1060,사용자51-10,mopl-user-51-10@test.com,$2a$10$CnGUt.G1MzjmMJzzmJZ1/uTWhtIxyJESMba4MKXHB3xBBE/WSUBNi,USER,0,,,,"2026-03-21 20:02:17","2026-03-21 20:02:17"
1061,사용자24-12,mopl-user-24-12@test.com,$2a$10$GcX2QkP1MB9m4cZ.B2FYvugAxCh5mgWv4bHEQbS98cUt4JrN.q6Xy,USER,0,,,,"2026-03-21 20:02:17","2026-03-21 20:02:17"
1062,사용자50-10,mopl-user-50-10@test.com,$2a$10$ReW/PTqPqsRwF6n6PPeE9u1seFsoZiho66fg9L0ciioSB1WgRcIRC,USER,0,,,,"2026-03-21 20:02:17","2026-03-21 20:02:17"
1063,사용자33-11,mopl-user-33-11@test.com,$2a$10$TbrPsi28fZyDjC5xCx3PD.Ai6PFMqAmSKVQGSPWXj8HIzwe1i7/DK,USER,0,,,,"2026-03-21 20:02:17","2026-03-21 20:02:17"
1064,사용자15-15,mopl-user-15-15@test.com,$2a$10$CWi3yNnAA2JytFUSEDmmG.l3lNopYh4yalgwtvXjozmbLEdN0puEe,USER,0,,,,"2026-03-21 20:02:17","2026-03-21 20:02:17"
1065,사용자8-16,mopl-user-8-16@test.com,$2a$10$xWRvcu8ZlguXA4TgVKuptOqApby/wepGG/9oZtiiQtFpcwDl1MUKq,USER,0,,,,"2026-03-21 20:02:17","2026-03-21 20:02:17"
1066,사용자17-14,mopl-user-17-14@test.com,$2a$10$UNvWrYU50o7wRX/AOBciSuPucZ7wNUCKwSB3c8o9R3F1FyMPQpYAa,USER,0,,,,"2026-03-21 20:02:18","2026-03-21 20:02:18"
1067,사용자2-17,mopl-user-2-17@test.com,$2a$10$XHo1DkLhajrVDCPNpZbJ4eSE7xhTMYgcW.m9bakK9TvfeMSC2EAou,USER,0,,,,"2026-03-21 20:02:18","2026-03-21 20:02:18"
1068,사용자52-10,mopl-user-52-10@test.com,$2a$10$yaLP2xjOHLFqxSpH9dhyXOwdHNYR/l8t97vMdNKiu.VkUUKcIfTxy,USER,0,,,,"2026-03-21 20:02:18","2026-03-21 20:02:18"
1069,사용자53-9,mopl-user-53-9@test.com,$2a$10$UjhUqyFgvwNm0tj/sLzIO.5ztyF8CI7U1R6exse2F2tJtKJBuVXZy,USER,0,,,,"2026-03-21 20:02:18","2026-03-21 20:02:18"
1070,사용자41-10,mopl-user-41-10@test.com,$2a$10$VD7AGaNfre7jOvQmQcOSLONBtaqRDqb2XOcqzdzzO3sdvpmnF.bgC,USER,0,,,,"2026-03-21 20:02:18","2026-03-21 20:02:18"
1071,사용자26-12,mopl-user-26-12@test.com,$2a$10$ohNjGZDzf3hYqKAUL3w9GePAxxoY6RKyMNa1weQeC0ssnoj/.VM6S,USER,0,,,,"2026-03-21 20:02:18","2026-03-21 20:02:18"
1072,사용자36-11,mopl-user-36-11@test.com,$2a$10$1ipCqCzqUs1rFLW7eP4HFOA6SbLo3xxBxxWEWnaWWHRaaZv.1EkMy,USER,0,,,,"2026-03-21 20:02:18","2026-03-21 20:02:18"
1073,사용자22-13,mopl-user-22-13@test.com,$2a$10$ReSbgSouskeeqXc37DYV2.VW9I6uxcr/P6wo4Y3EA/L86Yy4sv8IG,USER,0,,,,"2026-03-21 20:02:18","2026-03-21 20:02:18"
1074,사용자11-15,mopl-user-11-15@test.com,$2a$10$ufKDTmYz/c1L0Z/WMou1C.N.Ok4QSCSlYjK7UG/HrCFpk336f4Ul2,USER,0,,,,"2026-03-21 20:02:18","2026-03-21 20:02:18"
1075,사용자18-15,mopl-user-18-15@test.com,$2a$10$14/HdgGZ9y6NqmOaaEkIK.rwM2PbFJXJmoONYLr270arxkSK2LKT6,USER,0,,,,"2026-03-21 20:02:18","2026-03-21 20:02:18"
1076,사용자37-11,mopl-user-37-11@test.com,$2a$10$x1ONs4B.syYl3R2uLgYnk.SgPTotGYjwcg2158QpjWMLNCkcVlN2i,USER,0,,,,"2026-03-21 20:02:18","2026-03-21 20:02:18"
1077,사용자14-14,mopl-user-14-14@test.com,$2a$10$.TAQ1Y/ADu2BcI.Ln0DP8OLBP45xxE..paK/Qgx3Z858nxVUE4QKy,USER,0,,,,"2026-03-21 20:02:19","2026-03-21 20:02:19"
1078,사용자23-13,mopl-user-23-13@test.com,$2a$10$LQl2zcxOEceLviHypreMMen803g1wH6Uyh97U2FV462XJclfnvUKq,USER,0,,,,"2026-03-21 20:02:19","2026-03-21 20:02:19"
1079,사용자7-13,mopl-user-7-13@test.com,$2a$10$ib3mLE7okrSrkwkJb5CqA.tWRFSRwvPyWu080lZpcTkSMklA2OPJO,USER,0,,,,"2026-03-21 20:02:19","2026-03-21 20:02:19"
1080,사용자38-11,mopl-user-38-11@test.com,$2a$10$gRdbmn1ozlTN3M.iRBnWIOj2zIoo5GzEjmkQMELnfaB2Lp67PV6G2,USER,0,,,,"2026-03-21 20:02:19","2026-03-21 20:02:19"
1081,사용자31-12,mopl-user-31-12@test.com,$2a$10$EyWp5MKaywHblMdnBtusRuvomTfFoh34pRjoep0CqRnAR6GcINyHG,USER,0,,,,"2026-03-21 20:02:19","2026-03-21 20:02:19"
1082,사용자3-17,mopl-user-3-17@test.com,$2a$10$8nFxMqdpUbpbsOHSAZPWWuoKxU0GX87c8YR0YKIVSSs1ZjT5hTzo.,USER,0,,,,"2026-03-21 20:02:19","2026-03-21 20:02:19"
1083,사용자6-16,mopl-user-6-16@test.com,$2a$10$ieBd87YvvRf5qHhmOO1fBewRLuu28bPth3p9BmxVpNbb4hXhH7co6,USER,0,,,,"2026-03-21 20:02:19","2026-03-21 20:02:19"
1084,사용자25-13,mopl-user-25-13@test.com,$2a$10$hDb86n32LaDFAI0t/MqqquSKXx3N9fto/6ZMXSeSrJLkV1Lfpmgdq,USER,0,,,,"2026-03-21 20:02:19","2026-03-21 20:02:19"
1085,사용자5-17,mopl-user-5-17@test.com,$2a$10$Hy64cLWBvPSx0mRWF8x1tOOsEW0lXrsNdfdz0j5GXd4YJNWtNoCe.,USER,0,,,,"2026-03-21 20:02:19","2026-03-21 20:02:19"
1086,사용자12-12,mopl-user-12-12@test.com,$2a$10$1SzjvjoV1GmJoRqn84rFcO6CUYKZXBvGR2lOsMZ4NBb.60tQr2gW6,USER,0,,,,"2026-03-21 20:02:19","2026-03-21 20:02:19"
1087,사용자32-12,mopl-user-32-12@test.com,$2a$10$chLM6yeFqbftnzJEotyUaOrVNhIsIF3GY5O6n3HUed88rrP5p2cha,USER,0,,,,"2026-03-21 20:02:20","2026-03-21 20:02:20"
1088,사용자21-13,mopl-user-21-13@test.com,$2a$10$tZ6b9KmuCZ1hOzcD3jlqvObT0Msnw6un/MhswZRXOZUbE616PwofW,USER,0,,,,"2026-03-21 20:02:20","2026-03-21 20:02:20"
1089,사용자19-14,mopl-user-19-14@test.com,$2a$10$DP7hIfe0KrmjltDlSS3wE.tLSgG1jjALAn5L6ZIr3VRhRa8qM5qDe,USER,0,,,,"2026-03-21 20:02:20","2026-03-21 20:02:20"
1090,사용자10-16,mopl-user-10-16@test.com,$2a$10$2I1Yr6jlC/ovRatzJtbvPeh4oi8bumb9aOIzJhJqX6YCWMpY/3NH6,USER,0,,,,"2026-03-21 20:02:20","2026-03-21 20:02:20"
1091,사용자9-15,mopl-user-9-15@test.com,$2a$10$SGSvHQ/LM6ss4qcLIydSpOmr8JtNqDA6u35oG7D6zbP/2NaSKyCTe,USER,0,,,,"2026-03-21 20:02:20","2026-03-21 20:02:20"
1092,사용자16-15,mopl-user-16-15@test.com,$2a$10$gsI0nveRBwO6wF5WlZ63vOHOrCn6Aj/ePzJCXMcETsGoVFAwgiDGi,USER,0,,,,"2026-03-21 20:02:20","2026-03-21 20:02:20"
1093,사용자15-16,mopl-user-15-16@test.com,$2a$10$5nuOW6/gY8dFyDvaOMjNk.bGgYWOMSdhyjszclM1Y9WwRjFgcDBs6,USER,0,,,,"2026-03-21 20:02:20","2026-03-21 20:02:20"
1094,사용자13-14,mopl-user-13-14@test.com,$2a$10$M664HO8ef/MLfEuRyDlVCuYJSgmvkPOiwNTA5OwOgFbj4ynAOL0MC,USER,0,,,,"2026-03-21 20:02:20","2026-03-21 20:02:20"
1095,사용자17-15,mopl-user-17-15@test.com,$2a$10$zyaHCB7Uuta7q8L9fWjNh.mOJK10E66wPl5yMY10ZAWVOksEUHBsa,USER,0,,,,"2026-03-21 20:02:20","2026-03-21 20:02:20"
1096,사용자1-18,mopl-user-1-18@test.com,$2a$10$THDtCU8b4NCq62FLJ4cX4umOtDyb6/WHX1wh8q6s5jPgOPVFB5QoG,USER,0,,,,"2026-03-21 20:02:20","2026-03-21 20:02:20"
1097,사용자4-17,mopl-user-4-17@test.com,$2a$10$ziAIESRPxe6ZFw6RcO7LseK.KtWTA5lQ3Q8yGGIUYDDXFgfTqdk2q,USER,0,,,,"2026-03-21 20:02:20","2026-03-21 20:02:20"
1098,사용자28-13,mopl-user-28-13@test.com,$2a$10$kq/BD3YQ9UZBltVj5aH5BOx1N4g6GjafwdJFhh9XKJWPN/C6nGUvC,USER,0,,,,"2026-03-21 20:02:20","2026-03-21 20:02:20"
1099,사용자8-17,mopl-user-8-17@test.com,$2a$10$ymQiJVFDvvnwgqMDdyg46.ukXUda2tW0D6V9mZTLWKEwpNq8P6VzW,USER,0,,,,"2026-03-21 20:02:20","2026-03-21 20:02:20"
1100,사용자20-14,mopl-user-20-14@test.com,$2a$10$LotoWV15Mc5N2QAxlSzB9O2xtbq/QT5qiPRK2/siCSJtdn9cdQuJO,USER,0,,,,"2026-03-21 20:02:21","2026-03-21 20:02:21"
1101,사용자3-18,mopl-user-3-18@test.com,$2a$10$yFSTVYBZfRYZ4ghM7feAQ.5bK2VG5Ss5Lhe8Wj/3p8Y/4vkUAtBh2,USER,0,,,,"2026-03-21 20:02:21","2026-03-21 20:02:21"
1102,사용자5-18,mopl-user-5-18@test.com,$2a$10$8XnZZopKvudyINkXVqSnnOo0GqwEr0is.qZ0oMxPN0ev6w1nN9dYy,USER,0,,,,"2026-03-21 20:02:21","2026-03-21 20:02:21"
1103,사용자2-18,mopl-user-2-18@test.com,$2a$10$kBoDZn8KSO5N5Aiia/dAFeVJ4zezDnlbJ8UAPoOuUGws5/yzKg6bu,USER,0,,,,"2026-03-21 20:02:21","2026-03-21 20:02:21"
1104,사용자11-16,mopl-user-11-16@test.com,$2a$10$4TgVL7dqjB0dLXl7QF2c3ueBCtC6EkQcSfPE3DXcGlL/UFtAHBani,USER,0,,,,"2026-03-21 20:02:21","2026-03-21 20:02:21"
1105,사용자6-17,mopl-user-6-17@test.com,$2a$10$fVqYBTgT20z1KSTAJT2oYugmZC1NXNd5Cjf5DkSfV1C.rewgsUGfu,USER,0,,,,"2026-03-21 20:02:21","2026-03-21 20:02:21"
1106,사용자1-19,mopl-user-1-19@test.com,$2a$10$DZ1bxi6mZzNh6ElMQLupUO0hxxOA24p4kENfzu4QXJ6z/b8LuasqW,USER,0,,,,"2026-03-21 20:02:22","2026-03-21 20:02:22"
1107,이소연,isylsy166@gmail.com,$2a$10$mO54oHmzHdLu/tMDWUIOxuKN5hTJ/uv8QA8f.zwjDFMbu7VMEFIjW,USER,0,https://codeit-team7-mopl-image.s3.ap-northeast-2.amazonaws.com/profiles/79c25387-661e-4d39-84f1-79049b2e09eb_a942332826915bdb6fc55dc1915e642fc89b58f3.JPG,,,"2026-03-23 19:59:18","2026-03-23 19:58:57"
